2020-04-27 09:31:00,282.4000,281.5500,281.8300,281.7400,1490010,666858
2020-04-27 09:32:00,281.9000,281.0100,281.7900,281.1420,1687439,163104
2020-04-27 09:33:00,281.1236,280.3100,281.0600,280.7438,1941504,203796
2020-04-27 09:34:00,280.9600,280.5200,280.7300,280.7800,2130627,153607
2020-04-27 09:35:00,281.0000,280.2200,280.7601,280.2400,2288406,121117
2020-04-27 09:36:00,280.6700,280.2002,280.2400,280.4400,2466996,141002
2020-04-27 09:37:00,280.4200,279.9500,280.4200,280.0300,2781663,258474
2020-04-27 09:38:00,280.5600,279.9600,280.0760,280.4300,2949605,133817
2020-04-27 09:39:00,280.8296,280.3500,280.4250,280.7200,3088320,104947
2020-04-27 09:40:00,281.1000,280.3000,280.7200,281.1000,3266967,142113
2020-04-27 09:41:00,281.3300,280.6000,281.0600,280.7100,3481085,172914
2020-04-27 09:42:00,280.7455,280.0430,280.7300,280.4900,3622764,111157
2020-04-27 09:43:00,281.1317,280.4500,280.4700,280.8300,3736940,87069
2020-04-27 09:44:00,281.0690,280.7300,280.8000,280.9200,3814655,57812
2020-04-27 09:45:00,281.0000,280.4225,280.8500,280.5350,3926423,89789
2020-04-27 09:46:00,280.7999,280.4800,280.5550,280.7400,3985534,43937
2020-04-27 09:47:00,281.0800,280.7000,280.7500,280.8950,4085659,78687
2020-04-27 09:48:00,281.0200,280.6200,280.8800,280.9450,4157082,54489
2020-04-27 09:49:00,281.2600,280.7200,280.9800,281.2570,4248474,73165
2020-04-27 09:50:00,281.7000,281.2300,281.2300,281.5300,4427115,152268
2020-04-27 09:51:00,282.3200,281.4400,281.5200,282.1495,4678385,218845
2020-04-27 09:52:00,282.6200,282.0300,282.1400,282.3704,4877614,168607
2020-04-27 09:53:00,283.1000,282.3900,282.3902,282.7900,5140442,226083
2020-04-27 09:54:00,283.0816,282.7500,282.7800,282.9999,5279958,116080
2020-04-27 09:55:00,283.7400,282.9520,283.0000,283.4600,5498762,188228
2020-04-27 09:56:00,283.6100,283.1600,283.4900,283.3600,5669565,143261
2020-04-27 09:57:00,283.6027,283.1700,283.3500,283.4150,5768206,79969
2020-04-27 09:58:00,283.6200,283.3550,283.4157,283.4297,5850712,67170
2020-04-27 09:59:00,284.0000,283.3900,283.4400,283.8700,6035471,149375
2020-04-27 10:00:00,284.2300,283.7700,283.8100,284.1900,6181477,122335
2020-04-27 10:01:00,284.2000,283.6300,284.1700,283.9529,6288264,89895
2020-04-27 10:02:00,284.1850,283.8500,283.9600,284.0300,6379028,75400
2020-04-27 10:03:00,284.1900,283.9500,284.1050,284.0500,6459136,65583
2020-04-27 10:04:00,284.5000,284.0771,284.0771,284.3950,6606948,124675
2020-04-27 10:05:00,284.5400,284.2002,284.3843,284.2400,6744178,114419
2020-04-27 10:06:00,284.5400,284.1500,284.2400,284.2399,6844847,82265
2020-04-27 10:07:00,284.4500,283.9800,284.2250,284.1400,6959966,95636
2020-04-27 10:08:00,284.4500,284.0600,284.1500,284.0700,7038770,65832
2020-04-27 10:09:00,284.2700,284.0000,284.0700,284.0400,7096968,44766
2020-04-27 10:10:00,284.1200,283.5800,284.0400,283.6700,7235388,115865
2020-04-27 10:11:00,283.7500,283.4500,283.6700,283.4600,7388287,129304
2020-04-27 10:12:00,283.8800,283.3700,283.4673,283.8150,7506728,102413
2020-04-27 10:13:00,283.8700,283.5402,283.8001,283.6000,7565413,47277
2020-04-27 10:14:00,283.6450,283.3400,283.6000,283.6176,7654719,72309
2020-04-27 10:15:00,283.7700,283.5800,283.6400,283.6100,7742626,74406
2020-04-27 10:16:00,283.8000,283.3000,283.6100,283.4000,7817308,58670
2020-04-27 10:17:00,283.4973,283.2100,283.3600,283.3900,7886139,55408
2020-04-27 10:18:00,283.7099,283.3950,283.3950,283.7000,7949756,53523
2020-04-27 10:19:00,283.7600,283.5844,283.6700,283.6100,8016479,53687
2020-04-27 10:20:00,283.6100,283.3600,283.6100,283.5250,8087439,57835
2020-04-27 10:21:00,283.9600,283.5100,283.5100,283.6600,8177333,72782
2020-04-27 10:22:00,283.6700,283.1100,283.6700,283.1500,8294437,97696
2020-04-27 10:23:00,283.3025,283.0693,283.1500,283.0800,8358239,51576
2020-04-27 10:24:00,283.2883,283.0000,283.0701,283.1595,8461517,84415
2020-04-27 10:25:00,283.2250,283.0201,283.1700,283.0501,8528606,57234
2020-04-27 10:26:00,283.0700,282.8900,283.0500,282.9900,8612856,70962
2020-04-27 10:27:00,283.3150,282.9650,282.9900,283.1050,8699668,73663
2020-04-27 10:28:00,283.1780,282.6500,283.1300,282.6800,8803885,87558
2020-04-27 10:29:00,282.9900,282.6701,282.6753,282.9300,8901849,82221
2020-04-27 10:30:00,283.2200,282.9024,282.9370,283.1400,8979883,63635
2020-04-27 10:31:00,283.2400,282.9000,283.1500,282.9420,9040121,47086
2020-04-27 10:32:00,283.0400,282.6805,282.9800,282.7200,9106039,53977
2020-04-27 10:33:00,282.9400,282.6200,282.7200,282.8193,9182430,58605
2020-04-27 10:34:00,282.8500,282.7300,282.8318,282.8150,9218538,26900
2020-04-27 10:35:00,282.8500,282.2200,282.8400,282.3500,9341603,100163
2020-04-27 10:36:00,282.3500,281.9100,282.3500,282.2500,9487607,120301
2020-04-27 10:37:00,282.5200,282.1600,282.2600,282.3116,9608712,106807
2020-04-27 10:38:00,282.3600,281.9100,282.3183,281.9297,9676003,57413
2020-04-27 10:39:00,282.2100,281.9200,281.9200,282.1791,9745513,56808
2020-04-27 10:40:00,282.2300,281.9200,282.1600,282.2300,9808794,51602
2020-04-27 10:41:00,282.2600,282.1000,282.2200,282.1000,9855474,35318
2020-04-27 10:42:00,282.2400,282.0200,282.1250,282.1501,9904815,41251
2020-04-27 10:43:00,282.1500,281.9100,282.1500,282.0000,9959266,40682
2020-04-27 10:44:00,282.0310,281.7700,282.0200,281.9599,10048365,72587
2020-04-27 10:45:00,282.0000,281.7200,281.9400,281.7500,10115430,56886
2020-04-27 10:46:00,281.7600,281.3400,281.7600,281.3400,10225208,86524
2020-04-27 10:47:00,281.4500,281.0500,281.3988,281.2900,10361640,114425
2020-04-27 10:48:00,281.5200,281.2500,281.2900,281.4700,10431698,58212
2020-04-27 10:49:00,281.5600,281.1500,281.4903,281.2300,10532630,87152
2020-04-27 10:50:00,281.4708,281.2000,281.2200,281.4708,10581432,36861
2020-04-27 10:51:00,281.6650,281.1200,281.4762,281.1500,10697155,94243
2020-04-27 10:52:00,281.5400,281.1300,281.1400,281.4501,10766984,59287
2020-04-27 10:53:00,282.0800,281.4800,281.4800,282.0482,10904423,114834
2020-04-27 10:54:00,282.0583,281.7300,282.0500,281.7858,11000571,80651
2020-04-27 10:55:00,281.8999,281.5700,281.8000,281.8778,11082302,68222
2020-04-27 10:56:00,281.9700,281.7800,281.8920,281.9400,11153345,59151
2020-04-27 10:57:00,282.1300,281.9000,281.9500,282.0400,11230510,63016
2020-04-27 10:58:00,282.1000,281.7800,282.0500,281.8100,11295456,48818
2020-04-27 10:59:00,281.9100,281.6200,281.8100,281.6600,11359826,50298
2020-04-27 11:00:00,281.6900,281.2320,281.6850,281.3700,11439427,61374
2020-04-27 11:01:00,281.5600,281.1200,281.3500,281.1400,11507668,56189
2020-04-27 11:02:00,281.1500,280.7100,281.1500,280.9000,11636237,102627
2020-04-27 11:03:00,281.3500,280.8800,280.8800,281.2500,11772683,121320
2020-04-27 11:04:00,281.3510,281.1665,281.2800,281.2800,11828880,43586
2020-04-27 11:05:00,281.4740,281.2000,281.3012,281.3900,11914584,58518
2020-04-27 11:06:00,281.6710,281.3700,281.3950,281.6600,11967772,42203
2020-04-27 11:07:00,281.8150,281.4700,281.6700,281.8100,12040293,61893
2020-04-27 11:08:00,282.0000,281.7600,281.8100,282.0000,12141079,85638
2020-04-27 11:09:00,282.0000,281.7800,281.9700,281.8893,12194834,44406
2020-04-27 11:10:00,282.0900,281.8800,281.9300,282.0758,12257126,54906
2020-04-27 11:11:00,282.2593,281.9000,282.0650,282.0800,12339597,71241
2020-04-27 11:12:00,282.2299,281.9000,282.0400,282.0950,12387985,38560
2020-04-27 11:13:00,282.4300,282.1000,282.1057,282.4300,12455059,55141
2020-04-27 11:14:00,282.5900,282.3500,282.4300,282.5900,12531983,66052
2020-04-27 11:15:00,282.6927,282.4800,282.5800,282.5700,12597766,54947
2020-04-27 11:16:00,282.6800,282.5000,282.5800,282.5400,12655646,51410
2020-04-27 11:17:00,282.5497,282.3200,282.5340,282.4208,12704602,40654
2020-04-27 11:18:00,282.5000,282.2302,282.4322,282.4750,12761212,49386
2020-04-27 11:19:00,282.6300,282.4500,282.4800,282.6266,12831517,61825
2020-04-27 11:20:00,282.9700,282.6180,282.6200,282.9100,12911414,68050
2020-04-27 11:21:00,283.0100,282.7007,282.9150,282.9200,13009545,80910
2020-04-27 11:22:00,282.9400,282.7700,282.9100,282.8700,13069458,48607
2020-04-27 11:23:00,282.8600,282.6800,282.8501,282.7700,13114745,35926
2020-04-27 11:24:00,282.8100,282.5400,282.7700,282.7350,13183593,56634
2020-04-27 11:25:00,282.9800,282.6800,282.6900,282.8800,13256175,44094
2020-04-27 11:26:00,283.1500,282.7700,282.8600,283.0900,13367463,96027
2020-04-27 11:27:00,283.1600,282.9301,283.0900,283.1600,13415188,40353
2020-04-27 11:28:00,283.3100,283.0500,283.1531,283.3100,13486415,59432
2020-04-27 11:29:00,283.3150,283.0700,283.2900,283.0850,13551214,56209
2020-04-27 11:30:00,283.2000,283.0200,283.0800,283.1100,13604195,43873
2020-04-27 11:31:00,283.2100,283.0200,283.1100,283.0200,13655200,42927
2020-04-27 11:32:00,283.1382,282.9000,283.0500,283.1382,13715941,50814
2020-04-27 11:33:00,283.2500,282.8700,283.1000,282.9200,13759508,34119
2020-04-27 11:34:00,283.2500,282.9200,282.9200,283.2000,13818808,50029
2020-04-27 11:35:00,283.3300,282.9844,283.1900,282.9844,13882793,54913
2020-04-27 11:36:00,283.0700,282.8200,283.0000,283.0400,13940426,48722
2020-04-27 11:37:00,283.0900,282.9500,283.0615,282.9700,13981892,34178
2020-04-27 11:38:00,283.1500,282.9800,282.9813,283.0600,14022670,33147
2020-04-27 11:39:00,283.2500,283.0301,283.0600,283.1300,14063790,31804
2020-04-27 11:40:00,283.1900,282.9500,283.1200,282.9500,14094249,22909
2020-04-27 11:41:00,283.0600,282.8200,282.9356,282.8562,14144531,42923
2020-04-27 11:42:00,282.9100,282.6800,282.8900,282.8100,14190448,38159
2020-04-27 11:43:00,282.8200,282.6800,282.8150,282.7700,14217862,22030
2020-04-27 11:44:00,282.9100,282.7600,282.7800,282.8450,14276051,50402
2020-04-27 11:45:00,282.9150,282.6500,282.8510,282.9000,14318986,33394
2020-04-27 11:46:00,282.9500,282.8000,282.9017,282.8499,14359081,32639
2020-04-27 11:47:00,282.9896,282.8200,282.8300,282.9300,14394385,29128
2020-04-27 11:48:00,283.0500,282.8700,282.9450,282.9100,14430706,28122
2020-04-27 11:49:00,282.9400,282.6101,282.9099,282.7850,14485879,45977
2020-04-27 11:50:00,282.8150,282.5802,282.8000,282.6400,14521854,29090
2020-04-27 11:51:00,282.7900,282.5600,282.6350,282.5854,14572336,41841
2020-04-27 11:52:00,282.6600,282.4600,282.5900,282.5800,14622948,42657
2020-04-27 11:53:00,282.6499,282.2700,282.5601,282.3451,14685132,51387
2020-04-27 11:54:00,282.5100,282.3200,282.3391,282.4186,14724462,32012
2020-04-27 11:55:00,282.4800,282.2700,282.4100,282.3100,14772952,41385
2020-04-27 11:56:00,282.6000,282.3200,282.3200,282.4000,14810934,29759
2020-04-27 11:57:00,282.3807,282.2000,282.3807,282.3100,14852930,34508
2020-04-27 11:58:00,282.3900,282.2500,282.2700,282.3600,14895491,37419
2020-04-27 11:59:00,282.3700,282.1100,282.3700,282.1400,14936806,35135
2020-04-27 12:00:00,282.2599,282.1100,282.1403,282.2310,14962482,20212
2020-04-27 12:01:00,282.4599,281.9600,282.2400,281.9600,15032199,54986
2020-04-27 12:02:00,282.1027,281.9000,281.9600,282.0300,15102454,58572
2020-04-27 12:03:00,282.0699,281.8000,282.0300,281.8300,15163563,50101
2020-04-27 12:04:00,281.8253,281.5000,281.8210,281.6693,15238158,62101
2020-04-27 12:05:00,281.7000,281.3800,281.6350,281.4000,15297090,47987
2020-04-27 12:06:00,281.6700,281.4200,281.4200,281.4750,15363313,57548
2020-04-27 12:07:00,281.7400,281.4000,281.4800,281.5534,15424713,50090
2020-04-27 12:08:00,281.7100,281.5400,281.5400,281.6400,15459416,27608
2020-04-27 12:09:00,281.8200,281.5400,281.6900,281.5400,15513177,44334
2020-04-27 12:10:00,281.6200,281.4375,281.5100,281.5400,15553796,32819
2020-04-27 12:11:00,281.6600,281.2500,281.5200,281.3600,15677292,105122
2020-04-27 12:12:00,281.4707,281.3000,281.4100,281.4100,15718337,33206
2020-04-27 12:13:00,281.4700,281.2000,281.4600,281.3100,15781641,51700
2020-04-27 12:14:00,281.3172,281.1000,281.3000,281.2675,15813786,24669
2020-04-27 12:15:00,281.4913,281.1800,281.2500,281.4650,15892432,69691
2020-04-27 12:16:00,281.8800,281.3800,281.4620,281.8800,15981568,76975
2020-04-27 12:17:00,282.0750,281.8800,281.9000,282.0100,16078985,85898
2020-04-27 12:18:00,282.1700,281.9700,282.0000,282.0300,16112143,27093
2020-04-27 12:19:00,282.0900,281.9200,282.0200,281.9416,16162275,43420
2020-04-27 12:20:00,282.0400,281.9356,281.9356,282.0000,16186540,18852
2020-04-27 12:21:00,282.0200,281.8700,281.9950,281.8899,16217154,24558
2020-04-27 12:22:00,282.0563,281.7102,281.8700,282.0000,16259502,29462
2020-04-27 12:23:00,282.1398,281.9900,282.0099,282.0300,16309607,41874
2020-04-27 12:24:00,282.0200,281.8300,282.0200,281.9501,16356907,40108
2020-04-27 12:25:00,282.0560,281.9000,281.9750,282.0400,16398670,36184
2020-04-27 12:26:00,282.1000,281.9600,282.0300,282.0300,16427465,22375
2020-04-27 12:27:00,282.0800,281.9200,282.0160,282.0300,16458108,26132
2020-04-27 12:28:00,282.0188,281.8000,282.0188,281.8000,16484673,19997
2020-04-27 12:29:00,281.8000,281.5200,281.8000,281.7100,16541643,45705
2020-04-27 12:30:00,281.7900,281.6800,281.7300,281.7500,16572868,25650
2020-04-27 12:31:00,281.9180,281.7600,281.7700,281.8301,16605167,26610
2020-04-27 12:32:00,282.0699,281.8500,281.8500,282.0618,16638958,26361
2020-04-27 12:33:00,282.2300,282.0444,282.0580,282.1701,16673644,27533
2020-04-27 12:34:00,282.1500,281.8800,282.1500,282.1087,16724761,44294
2020-04-27 12:35:00,282.2100,282.0800,282.1000,282.1321,16753478,23112
2020-04-27 12:36:00,282.4200,282.1013,282.1206,282.2200,16822114,54258
2020-04-27 12:37:00,282.3600,282.1500,282.2200,282.1550,16850924,22637
2020-04-27 12:38:00,282.1600,281.8800,282.1284,282.0400,16907634,45008
2020-04-27 12:39:00,282.1000,281.9900,282.0300,282.0300,16927286,15215
2020-04-27 12:40:00,282.0600,281.8500,282.0000,282.0600,16954596,19740
2020-04-27 12:41:00,282.0800,281.7300,282.0400,281.8500,16985177,22813
2020-04-27 12:42:00,281.9400,281.7600,281.8700,281.8700,17005361,14936
2020-04-27 12:43:00,281.8599,281.6200,281.8599,281.6758,17067664,37939
2020-04-27 12:44:00,281.9250,281.6400,281.7000,281.9000,17112722,36202
2020-04-27 12:45:00,281.9900,281.7500,281.9100,281.9300,17145645,24383
2020-04-27 12:46:00,281.9600,281.6400,281.9200,281.7100,17178611,25565
2020-04-27 12:47:00,281.7300,281.4800,281.7300,281.5300,17225588,37493
2020-04-27 12:48:00,281.6700,281.5000,281.5240,281.6500,17251128,19797
2020-04-27 12:49:00,281.8000,281.6200,281.6600,281.7400,17285900,27759
2020-04-27 12:50:00,281.7750,281.6800,281.7400,281.6958,17302377,12652
2020-04-27 12:51:00,281.8700,281.6800,281.7100,281.8650,17336664,28310
2020-04-27 12:52:00,281.8600,281.6000,281.8600,281.6600,17362915,20023
2020-04-27 12:53:00,281.6800,281.5400,281.6800,281.5800,17388633,20119
2020-04-27 12:54:00,281.6900,281.5532,281.6000,281.6900,17426878,32969
2020-04-27 12:55:00,281.7200,281.5500,281.6900,281.6300,17449370,17682
2020-04-27 12:56:00,281.8700,281.6200,281.6200,281.7550,17489265,33643
2020-04-27 12:57:00,281.8300,281.7100,281.7700,281.8200,17518907,23518
2020-04-27 12:58:00,281.9400,281.7500,281.8300,281.8700,17568846,42050
2020-04-27 12:59:00,281.9400,281.7550,281.8550,281.8482,17601054,26461
2020-04-27 13:00:00,281.8300,281.5800,281.8200,281.8000,17629156,21143
2020-04-27 13:01:00,281.8200,281.6100,281.8064,281.6250,17649733,16149
2020-04-27 13:02:00,281.6588,281.2800,281.6100,281.3200,17704871,43719
2020-04-27 13:03:00,281.4250,281.2900,281.3480,281.3200,17745807,33317
2020-04-27 13:04:00,281.3700,281.0300,281.3502,281.1000,17794161,35330
2020-04-27 13:05:00,281.2619,281.1000,281.1000,281.2000,17834739,32324
2020-04-27 13:06:00,281.4000,281.2000,281.2000,281.4000,17865994,25491
2020-04-27 13:07:00,281.4200,281.2700,281.4200,281.2814,17890347,20586
2020-04-27 13:08:00,281.3000,281.2100,281.2700,281.3000,17916059,20606
2020-04-27 13:09:00,281.3100,281.1600,281.2950,281.2600,17965028,42445
2020-04-27 13:10:00,281.2800,281.1079,281.2550,281.1860,17990774,20884
2020-04-27 13:11:00,281.3050,281.1800,281.1900,281.2200,18011223,15055
2020-04-27 13:12:00,281.2400,281.1000,281.2000,281.1621,18033784,16679
2020-04-27 13:13:00,281.3697,281.1579,281.1579,281.2900,18072004,31964
2020-04-27 13:14:00,281.4599,281.2799,281.3100,281.3429,18101316,22926
2020-04-27 13:15:00,281.4100,281.2900,281.3442,281.3600,18118392,10935
2020-04-27 13:16:00,281.4400,281.1200,281.3461,281.1650,18151263,24278
2020-04-27 13:17:00,281.1500,280.7183,281.1400,281.0300,18293804,119865
2020-04-27 13:18:00,281.1498,281.0000,281.0200,281.0842,18347768,47213
2020-04-27 13:19:00,281.1550,280.8501,281.0619,280.8780,18393840,36897
2020-04-27 13:20:00,280.9600,280.6250,280.8800,280.7899,18453157,45828
2020-04-27 13:21:00,280.8500,280.6801,280.8000,280.7000,18490379,29844
2020-04-27 13:22:00,280.8099,280.6300,280.7200,280.7396,18536710,37646
2020-04-27 13:23:00,280.9700,280.7300,280.7300,280.7799,18579099,36082
2020-04-27 13:24:00,280.7700,280.5450,280.7670,280.5450,18634932,32138
2020-04-27 13:25:00,280.5900,280.3522,280.5300,280.4100,18692940,48064
2020-04-27 13:26:00,280.7000,280.3600,280.3848,280.6200,18745083,44115
2020-04-27 13:27:00,280.9300,280.6111,280.6300,280.8800,18805380,51705
2020-04-27 13:28:00,281.0900,280.8700,280.8700,281.0400,18874486,57111
2020-04-27 13:29:00,281.1100,281.0100,281.0200,281.0400,18925311,44574
2020-04-27 13:30:00,281.1750,281.0100,281.0800,281.0500,18956848,27232
2020-04-27 13:31:00,281.1500,280.8950,281.0600,281.1100,19001422,36694
2020-04-27 13:32:00,281.1065,280.9300,281.1000,281.0100,19033456,26214
2020-04-27 13:33:00,281.0560,280.7800,281.0100,280.9100,19077625,37933
2020-04-27 13:34:00,280.9693,280.8500,280.9200,280.8600,19104382,21353
2020-04-27 13:35:00,280.9399,280.7500,280.8450,280.9261,19140587,28903
2020-04-27 13:36:00,281.0100,280.5600,280.9100,280.7100,19189303,40500
2020-04-27 13:37:00,281.0100,280.7100,280.7380,281.0100,19226358,30056
2020-04-27 13:38:00,281.3100,280.9900,280.9900,281.3100,19299627,62344
2020-04-27 13:39:00,281.3410,281.1500,281.3200,281.2100,19352577,46274
2020-04-27 13:40:00,281.2900,281.1600,281.2350,281.2200,19387350,28262
2020-04-27 13:41:00,281.4700,281.2000,281.2200,281.4000,19469940,73499
2020-04-27 13:42:00,281.5597,281.3000,281.3700,281.4365,19520263,42486
2020-04-27 13:43:00,281.4301,281.1300,281.4277,281.1900,19559338,30537
2020-04-27 13:44:00,281.4100,281.2000,281.2000,281.3251,19595595,29709
2020-04-27 13:45:00,281.5200,281.2400,281.2950,281.3999,19628227,26291
2020-04-27 13:46:00,281.4000,281.2000,281.3691,281.4000,19652244,18814
2020-04-27 13:47:00,281.3900,281.2100,281.3900,281.2400,19680153,22973
2020-04-27 13:48:00,281.5700,281.2100,281.2352,281.3800,19724213,37437
2020-04-27 13:49:00,281.4399,281.2800,281.3600,281.3050,19744158,15581
2020-04-27 13:50:00,281.4500,281.2132,281.3200,281.3600,19769736,20783
2020-04-27 13:51:00,281.6174,281.3200,281.3500,281.5900,19799761,23708
2020-04-27 13:52:00,281.7807,281.5900,281.6200,281.7400,19854407,45801
2020-04-27 13:53:00,281.8400,281.6400,281.7366,281.7700,19899653,38620
2020-04-27 13:54:00,281.7800,281.6300,281.7800,281.7100,19931700,25607
2020-04-27 13:55:00,281.8100,281.6500,281.7100,281.7800,19958959,21382
2020-04-27 13:56:00,281.9700,281.6900,281.7876,281.8062,20003911,35667
2020-04-27 13:57:00,281.8800,281.7000,281.8100,281.8200,20038070,28198
2020-04-27 13:58:00,281.8500,281.7500,281.8300,281.7500,20064169,20773
2020-04-27 13:59:00,281.7299,281.5600,281.7200,281.6800,20095021,24751
2020-04-27 14:00:00,281.8100,281.5900,281.7500,281.7194,20133246,30657
2020-04-27 14:01:00,282.0900,281.6950,281.6950,281.9000,20216821,69651
2020-04-27 14:02:00,282.1200,281.8801,281.9125,282.0865,20262996,37122
2020-04-27 14:03:00,282.1800,281.9400,282.0550,281.9800,20308208,37240
2020-04-27 14:04:00,282.1600,281.9200,281.9600,282.0800,20340418,25112
2020-04-27 14:05:00,282.2000,282.0101,282.0727,282.0698,20370421,24368
2020-04-27 14:06:00,282.3500,281.9300,282.0726,282.1900,20419182,39397
2020-04-27 14:07:00,282.2600,282.1100,282.1800,282.1837,20444962,19976
2020-04-27 14:08:00,282.2400,281.9301,282.1900,282.0700,20492593,40435
2020-04-27 14:09:00,282.1600,282.0300,282.0500,282.1350,20514753,16503
2020-04-27 14:10:00,282.1100,281.9500,282.1100,282.0699,20541765,21996
2020-04-27 14:11:00,282.2300,282.0100,282.0399,282.1800,20567398,20945
2020-04-27 14:12:00,282.2500,282.1400,282.1600,282.2100,20596697,23786
2020-04-27 14:13:00,282.2500,282.1700,282.2200,282.1700,20613464,12324
2020-04-27 14:14:00,282.2200,282.0994,282.1650,282.1850,20646364,26916
2020-04-27 14:15:00,282.3000,282.1100,282.1700,282.1100,20685705,33574
2020-04-27 14:16:00,282.2201,282.0201,282.1000,282.1100,20721013,27477
2020-04-27 14:17:00,282.1100,281.9088,282.1000,282.0500,20756546,28508
2020-04-27 14:18:00,282.2000,282.0600,282.0600,282.1600,20785405,23706
2020-04-27 14:19:00,282.2200,282.1400,282.1401,282.1710,20810786,20860
2020-04-27 14:20:00,282.3600,282.1600,282.1600,282.2350,20852476,35741
2020-04-27 14:21:00,282.4500,282.2200,282.2400,282.4214,20908053,48531
2020-04-27 14:22:00,282.4800,282.3400,282.4200,282.4550,20934681,20401
2020-04-27 14:23:00,282.4756,282.3200,282.4684,282.3300,20965007,25176
2020-04-27 14:24:00,282.4700,282.2900,282.3300,282.4700,20993713,23471
2020-04-27 14:25:00,282.6500,282.4800,282.4800,282.4900,21053082,48774
2020-04-27 14:26:00,282.5600,282.3760,282.5000,282.4514,21099975,38727
2020-04-27 14:27:00,282.4350,282.3353,282.4348,282.4100,21123364,18494
2020-04-27 14:28:00,282.5100,282.3800,282.4200,282.4100,21148586,21543
2020-04-27 14:29:00,282.5000,282.3800,282.4600,282.4000,21186240,30795
2020-04-27 14:30:00,282.5600,282.4100,282.4100,282.4600,21223257,30747
2020-04-27 14:31:00,282.5800,282.3610,282.4850,282.4000,21252455,22531
2020-04-27 14:32:00,282.6000,282.3500,282.3700,282.5800,21310992,51580
2020-04-27 14:33:00,282.7000,282.5400,282.5850,282.6700,21356870,39315
2020-04-27 14:34:00,282.7700,282.6510,282.6510,282.7100,21401692,38057
2020-04-27 14:35:00,282.7600,282.6600,282.6900,282.7005,21430640,22571
2020-04-27 14:36:00,282.8200,282.6504,282.7100,282.7200,21519245,51635
2020-04-27 14:37:00,282.8600,282.7300,282.7300,282.8500,21556503,31769
2020-04-27 14:38:00,282.9727,282.8303,282.8400,282.9300,21610186,44603
2020-04-27 14:39:00,283.0100,282.8200,282.9500,282.9300,21693374,71022
2020-04-27 14:40:00,282.9350,282.7309,282.9260,282.8200,21734965,34617
2020-04-27 14:41:00,283.0200,282.8039,282.8039,282.9450,21808718,60524
2020-04-27 14:42:00,283.0000,282.9200,282.9292,282.9500,21838296,23969
2020-04-27 14:43:00,283.0000,282.8700,282.9600,282.9200,21879644,34109
2020-04-27 14:44:00,282.9700,282.7700,282.9200,282.9400,21916660,29460
2020-04-27 14:45:00,282.9500,282.8650,282.9400,282.8999,21936266,15602
2020-04-27 14:46:00,282.9600,282.7600,282.8900,282.8200,21991634,49132
2020-04-27 14:47:00,282.8500,282.7800,282.8200,282.8100,22018646,20894
2020-04-27 14:48:00,282.8300,282.7501,282.8239,282.7700,22042267,19205
2020-04-27 14:49:00,282.7860,282.5500,282.7860,282.7104,22106830,51101
2020-04-27 14:50:00,282.9500,282.7100,282.7200,282.8200,22188701,69484
2020-04-27 14:51:00,282.8150,282.6000,282.8100,282.7528,22228698,29364
2020-04-27 14:52:00,282.7650,282.4500,282.7600,282.5929,22279438,40204
2020-04-27 14:53:00,282.5950,282.4401,282.5950,282.5218,22321650,36436
2020-04-27 14:54:00,282.6700,282.5073,282.5300,282.5900,22360642,30942
2020-04-27 14:55:00,282.6100,282.4900,282.6000,282.5800,22382041,16119
2020-04-27 14:56:00,282.6194,282.4800,282.6194,282.5500,22410136,21864
2020-04-27 14:57:00,282.6900,282.5411,282.5500,282.5835,22449297,31398
2020-04-27 14:58:00,282.8300,282.5800,282.5800,282.8299,22492260,36836
2020-04-27 14:59:00,282.8400,282.6200,282.8400,282.6500,22565171,63843
2020-04-27 15:00:00,282.6900,282.4800,282.6650,282.5860,22614568,41967
2020-04-27 15:01:00,282.6475,282.4851,282.6002,282.5400,22651853,30024
2020-04-27 15:02:00,282.7399,282.5200,282.5401,282.7100,22686730,28183
2020-04-27 15:03:00,282.7480,282.5550,282.7100,282.7450,22708893,16377
2020-04-27 15:04:00,282.9600,282.7000,282.7500,282.9600,22765663,46027
2020-04-27 15:05:00,282.9797,282.7960,282.9650,282.8150,22818784,43378
2020-04-27 15:06:00,282.9400,282.6500,282.8100,282.6700,22889975,43823
2020-04-27 15:07:00,282.8100,282.3300,282.6796,282.3386,22957559,55580
2020-04-27 15:08:00,282.5500,282.3345,282.3500,282.5310,23006905,40021
2020-04-27 15:09:00,282.5600,282.4800,282.5200,282.5300,23069666,56589
2020-04-27 15:10:00,282.6400,282.4000,282.5453,282.4360,23117653,40564
2020-04-27 15:11:00,282.4900,282.3700,282.4500,282.4000,23164404,40091
2020-04-27 15:12:00,282.5750,282.3800,282.3900,282.5400,23199353,28177
2020-04-27 15:13:00,282.5900,282.4500,282.5500,282.5600,23221379,16051
2020-04-27 15:14:00,282.7000,282.5300,282.5300,282.7000,23264470,34798
2020-04-27 15:15:00,282.8156,282.6700,282.7074,282.7300,23306121,32056
2020-04-27 15:16:00,282.8500,282.6400,282.7261,282.7523,23355120,42006
2020-04-27 15:17:00,282.8000,282.6500,282.7453,282.7900,23382505,21901
2020-04-27 15:18:00,282.9400,282.6900,282.8000,282.7200,23438407,47425
2020-04-27 15:19:00,282.8699,282.6842,282.7100,282.7650,23470129,25579
2020-04-27 15:20:00,282.9500,282.7000,282.7690,282.8600,23529988,46956
2020-04-27 15:21:00,283.1800,282.8632,282.8700,283.0878,23657039,107114
2020-04-27 15:22:00,283.1062,282.9600,283.0700,283.0200,23711676,46791
2020-04-27 15:23:00,283.1000,282.9500,283.0000,283.0547,23763543,44168
2020-04-27 15:24:00,283.1400,283.0200,283.0605,283.0500,23822074,49633
2020-04-27 15:25:00,283.1700,282.9700,283.0500,283.0601,23875230,42001
2020-04-27 15:26:00,283.0775,282.7200,283.0775,282.8577,23945327,58702
2020-04-27 15:27:00,282.9900,282.7800,282.8504,282.8400,23980366,29386
2020-04-27 15:28:00,282.9060,282.5000,282.8400,282.5900,24048049,57531
2020-04-27 15:29:00,282.7100,282.4228,282.5700,282.4828,24132902,75620
2020-04-27 15:30:00,282.6400,282.4700,282.4700,282.5548,24189037,48302
2020-04-27 15:31:00,282.7710,282.5400,282.5900,282.6700,24261875,62922
2020-04-27 15:32:00,282.8000,282.6200,282.6600,282.7800,24297228,27623
2020-04-27 15:33:00,282.7400,282.4100,282.7400,282.4200,24348972,42962
2020-04-27 15:34:00,282.7700,282.4100,282.4100,282.6200,24425967,51194
2020-04-27 15:35:00,282.8000,282.5700,282.6299,282.8000,24474234,39968
2020-04-27 15:36:00,282.9200,282.7600,282.8100,282.8500,24529311,45463
2020-04-27 15:37:00,282.8500,282.6529,282.8500,282.6811,24580656,43077
2020-04-27 15:38:00,282.7700,282.5500,282.6700,282.7700,24617934,28312
2020-04-27 15:39:00,282.9200,282.7700,282.7750,282.8422,24671958,45026
2020-04-27 15:40:00,282.8400,282.6686,282.8400,282.6858,24699256,19204
2020-04-27 15:41:00,282.8500,282.6800,282.6998,282.8300,24740141,34517
2020-04-27 15:42:00,282.9100,282.8000,282.8300,282.8800,24776053,29754
2020-04-27 15:43:00,282.9300,282.7300,282.8700,282.8700,24855213,66795
2020-04-27 15:44:00,282.9400,282.8300,282.8600,282.9000,24912754,48673
2020-04-27 15:45:00,283.0000,282.8100,282.9090,282.9950,25003524,78484
2020-04-27 15:46:00,283.0300,282.8700,282.9800,283.0300,25109283,94839
2020-04-27 15:47:00,283.1000,282.9900,283.0200,283.0400,25200440,79772
2020-04-27 15:48:00,283.1000,282.9428,283.0645,283.0100,25266972,55808
2020-04-27 15:49:00,283.0798,282.9600,283.0500,282.9888,25326027,48999
2020-04-27 15:50:00,283.1900,282.9600,282.9800,283.1300,25417825,75334
2020-04-27 15:51:00,283.6200,282.6000,283.1900,283.0850,25682407,207702
2020-04-27 15:52:00,283.1800,282.8700,283.1100,282.9300,25749357,54488
2020-04-27 15:53:00,283.0000,282.7600,282.9222,282.9000,25866437,98708
2020-04-27 15:54:00,283.0500,282.8300,282.8821,282.9761,25943932,63516
2020-04-27 15:55:00,283.1500,282.8000,282.9500,283.0300,26067899,107532
2020-04-27 15:56:00,283.0500,282.8200,283.0300,282.9100,26197922,102471
2020-04-27 15:57:00,283.0900,282.8800,282.9114,283.0685,26330468,105866
2020-04-27 15:58:00,283.4000,283.0700,283.1000,283.3600,26525585,149411
2020-04-27 15:59:00,283.4500,283.1200,283.3700,283.1500,26685162,118293
2020-04-27 16:00:00,283.3900,282.6800,283.1300,283.2500,27149364,368505
2020-04-28 09:31:00,285.4300,284.6201,284.9900,285.4200,924892,628576
2020-04-28 09:32:00,285.6800,284.9700,285.4300,285.0400,1128711,161323
2020-04-28 09:33:00,285.3900,284.8100,285.0200,285.1800,1244267,87996
2020-04-28 09:34:00,285.3450,284.5800,285.2500,285.3450,1363265,90207
2020-04-28 09:35:00,285.6000,285.0800,285.3300,285.5400,1496827,111693
2020-04-28 09:36:00,285.8300,285.3500,285.5900,285.8200,1642720,116170
2020-04-28 09:37:00,285.8000,285.2400,285.7800,285.5200,1767981,101687
2020-04-28 09:38:00,285.5100,284.7500,285.5100,284.9100,1890253,97576
2020-04-28 09:39:00,284.9400,284.4000,284.9400,284.4000,2015979,104587
2020-04-28 09:40:00,284.6500,284.2800,284.4000,284.4600,2125892,92192
2020-04-28 09:41:00,284.8379,284.2303,284.4600,284.6600,2227360,82528
2020-04-28 09:42:00,284.8150,284.4500,284.6500,284.4656,2316501,71415
2020-04-28 09:43:00,284.6500,284.3600,284.4550,284.3800,2387969,56908
2020-04-28 09:44:00,284.7000,284.3500,284.3900,284.5800,2460061,59463
2020-04-28 09:45:00,284.7200,284.4240,284.5900,284.6900,2522147,47925
2020-04-28 09:46:00,285.0600,284.6700,284.6800,285.0250,2634643,96246
2020-04-28 09:47:00,285.3900,284.9801,285.0600,285.1640,2755860,103559
2020-04-28 09:48:00,285.1500,284.7700,285.1500,284.7713,2847141,75085
2020-04-28 09:49:00,285.3000,284.7600,284.7750,285.1700,2926280,64511
2020-04-28 09:50:00,285.1900,284.9050,285.1635,284.9425,2992029,54189
2020-04-28 09:51:00,285.0353,284.8100,284.9200,284.9400,3060781,54624
2020-04-28 09:52:00,285.2850,284.6800,284.9400,285.0700,3174964,95404
2020-04-28 09:53:00,285.3500,285.0838,285.0838,285.2550,3235856,48974
2020-04-28 09:54:00,285.6400,285.2500,285.2500,285.4900,3349475,96903
2020-04-28 09:55:00,285.6200,285.3501,285.5100,285.3950,3420530,56206
2020-04-28 09:56:00,285.5100,284.9550,285.3600,285.1484,3518959,80463
2020-04-28 09:57:00,285.1800,284.9400,285.1700,284.9600,3592379,64722
2020-04-28 09:58:00,284.9700,284.7100,284.9528,284.8200,3685725,77984
2020-04-28 09:59:00,284.9400,284.5000,284.8150,284.5350,3783861,81595
2020-04-28 10:00:00,284.7550,284.3200,284.5455,284.7000,3877698,75978
2020-04-28 10:01:00,284.9200,284.0600,284.6800,284.2250,4060063,154844
2020-04-28 10:02:00,284.2250,283.8800,284.2250,284.1000,4202386,116670
2020-04-28 10:03:00,284.3377,283.8952,284.1100,284.1850,4292405,71929
2020-04-28 10:04:00,284.2200,283.7800,284.2000,283.9800,4358464,54377
2020-04-28 10:05:00,284.4100,283.9200,283.9689,284.3685,4444309,70392
2020-04-28 10:06:00,284.7850,284.3300,284.3301,284.6499,4552097,93140
2020-04-28 10:07:00,284.9900,284.6000,284.6200,284.8200,4634123,68355
2020-04-28 10:08:00,285.1100,284.7300,284.8000,284.7700,4713723,66442
2020-04-28 10:09:00,285.0000,284.5200,284.8000,284.6200,4809830,76250
2020-04-28 10:10:00,284.9200,284.4043,284.6200,284.8700,4872387,52741
2020-04-28 10:11:00,285.0600,284.7600,284.9000,284.9299,4950456,65180
2020-04-28 10:12:00,285.1900,284.9500,284.9500,285.1800,5020531,58816
2020-04-28 10:13:00,285.4100,285.1604,285.1900,285.2600,5119430,82817
2020-04-28 10:14:00,285.2900,284.9500,285.2550,285.0501,5216547,83564
2020-04-28 10:15:00,285.0600,284.7900,285.0500,285.0000,5267323,39675
2020-04-28 10:16:00,285.0150,284.6697,285.0150,284.9000,5332662,54732
2020-04-28 10:17:00,284.9600,284.7700,284.9000,284.8350,5397515,55304
2020-04-28 10:18:00,285.0700,284.6900,284.8500,284.7100,5486476,74329
2020-04-28 10:19:00,284.7300,284.3500,284.6900,284.3800,5591020,76715
2020-04-28 10:20:00,284.4200,284.0300,284.3800,284.1307,5693858,87127
2020-04-28 10:21:00,284.1600,283.3900,284.1600,283.4200,5858990,137162
2020-04-28 10:22:00,283.7500,283.3617,283.4100,283.4000,5977102,98646
2020-04-28 10:23:00,283.6400,283.2000,283.3800,283.2700,6141561,138695
2020-04-28 10:24:00,283.4400,282.8700,283.2799,282.9500,6366170,188398
2020-04-28 10:25:00,283.0655,282.3600,282.9300,282.8900,6576123,182538
2020-04-28 10:26:00,283.3400,282.7300,282.8500,283.3327,6661589,69127
2020-04-28 10:27:00,283.4700,283.2504,283.3500,283.3599,6806777,131883
2020-04-28 10:28:00,283.5799,283.2200,283.3600,283.5300,6872295,53533
2020-04-28 10:29:00,283.5499,283.3000,283.5200,283.3100,6937026,55370
2020-04-28 10:30:00,283.4900,283.0400,283.3194,283.2700,7042110,92921
2020-04-28 10:31:00,283.4270,283.1500,283.2900,283.4270,7123146,68534
2020-04-28 10:32:00,283.7700,283.3700,283.4400,283.6901,7221915,86829
2020-04-28 10:33:00,283.8100,283.4801,283.6900,283.7325,7279643,47293
2020-04-28 10:34:00,283.8399,283.6000,283.7600,283.7163,7327589,40716
2020-04-28 10:35:00,283.8210,283.5700,283.7300,283.7100,7372507,35190
2020-04-28 10:36:00,284.0900,283.7196,283.7196,283.9800,7481377,93905
2020-04-28 10:37:00,284.1500,283.8500,284.0000,283.8809,7560365,67530
2020-04-28 10:38:00,284.0210,283.6200,283.8400,283.6899,7653066,80319
2020-04-28 10:39:00,283.8600,283.6700,283.6800,283.8600,7701987,39708
2020-04-28 10:40:00,284.1000,283.5800,283.9100,283.5800,7770337,54161
2020-04-28 10:41:00,283.6000,283.1011,283.6000,283.1473,7842286,57500
2020-04-28 10:42:00,283.2100,282.8100,283.1397,282.8100,7919660,62666
2020-04-28 10:43:00,283.1600,282.8000,282.8100,282.8500,7994926,61929
2020-04-28 10:44:00,282.8700,282.4500,282.8350,282.5000,8078876,65505
2020-04-28 10:45:00,282.6800,282.2100,282.5400,282.3300,8169586,72400
2020-04-28 10:46:00,282.5000,281.9700,282.3500,282.0200,8312486,121629
2020-04-28 10:47:00,282.0600,281.6258,282.0300,281.7149,8402896,71103
2020-04-28 10:48:00,281.8400,281.2047,281.7700,281.6438,8546052,119187
2020-04-28 10:49:00,281.8300,281.3900,281.5958,281.5662,8661197,95576
2020-04-28 10:50:00,282.1700,281.5301,281.5800,282.1324,8796003,117206
2020-04-28 10:51:00,282.1400,281.8900,282.1200,281.9450,8879774,66085
2020-04-28 10:52:00,282.3500,281.9400,282.0000,282.1800,8945825,54307
2020-04-28 10:53:00,282.3500,282.0601,282.1800,282.2800,9034889,77447
2020-04-28 10:54:00,282.3262,281.7400,282.3262,281.7799,9119677,74557
2020-04-28 10:55:00,281.7800,280.9000,281.7700,281.1405,9259029,117384
2020-04-28 10:56:00,281.3900,280.7600,281.1900,281.2582,9375385,99980
2020-04-28 10:57:00,281.2550,280.6741,281.2400,280.9000,9477159,85986
2020-04-28 10:58:00,281.3000,280.7701,280.9700,281.2655,9554164,61360
2020-04-28 10:59:00,281.4299,280.6400,281.2894,280.8300,9653325,83031
2020-04-28 11:00:00,281.3000,280.8100,280.8300,281.0850,9725201,61381
2020-04-28 11:01:00,281.2600,280.8700,281.1400,281.0103,9792157,53103
2020-04-28 11:02:00,281.5800,281.0001,281.0200,281.4900,9887752,79653
2020-04-28 11:03:00,281.7500,281.3700,281.4600,281.5500,9976510,74234
2020-04-28 11:04:00,281.8000,281.4701,281.5600,281.6069,10049219,60385
2020-04-28 11:05:00,281.5900,281.2801,281.5900,281.5200,10104336,46406
2020-04-28 11:06:00,281.5650,281.2000,281.5000,281.2600,10148370,36751
2020-04-28 11:07:00,281.7100,281.2800,281.2800,281.5100,10201106,44383
2020-04-28 11:08:00,281.7900,281.4900,281.5400,281.7293,10272542,60475
2020-04-28 11:09:00,281.8990,281.6200,281.7200,281.7900,10325703,42681
2020-04-28 11:10:00,281.8315,281.6301,281.8200,281.7575,10383222,48141
2020-04-28 11:11:00,281.8100,281.5000,281.7700,281.6300,10426986,32691
2020-04-28 11:12:00,281.6200,281.3400,281.6175,281.4601,10479128,42680
2020-04-28 11:13:00,281.6600,281.3500,281.4700,281.6250,10510828,23699
2020-04-28 11:14:00,281.8100,281.6400,281.6400,281.6800,10631333,29933
2020-04-28 11:15:00,281.6800,281.3100,281.6800,281.4600,10676494,35675
2020-04-28 11:16:00,281.7921,281.1500,281.4700,281.7844,10739218,51984
2020-04-28 11:17:00,281.8000,281.3700,281.7700,281.4500,10783454,35760
2020-04-28 11:18:00,281.5200,280.8207,281.4700,280.8207,10859610,63963
2020-04-28 11:19:00,280.9399,280.5600,280.8500,280.8523,10933392,60974
2020-04-28 11:20:00,281.2000,280.8300,280.8300,281.1150,10987416,43009
2020-04-28 11:21:00,281.2100,280.9300,281.1300,280.9501,11045597,49713
2020-04-28 11:22:00,281.4193,280.8300,280.9321,281.3650,11152128,91589
2020-04-28 11:23:00,281.5000,281.2300,281.3700,281.3737,11210972,49927
2020-04-28 11:24:00,281.5700,281.2500,281.3900,281.4200,11245566,28554
2020-04-28 11:25:00,281.5300,281.3000,281.4300,281.5300,11274664,23039
2020-04-28 11:26:00,281.6200,281.4000,281.5500,281.5250,11311157,28003
2020-04-28 11:27:00,281.7900,281.4400,281.5259,281.7800,11357003,36462
2020-04-28 11:28:00,282.0400,281.6607,281.7600,281.9250,11418932,50690
2020-04-28 11:29:00,282.0700,281.8200,281.9200,282.0500,11467501,40150
2020-04-28 11:30:00,282.1800,281.9100,282.0700,281.9700,11538166,61719
2020-04-28 11:31:00,282.2100,281.9349,281.9600,282.1562,11595930,50710
2020-04-28 11:32:00,282.2100,282.0601,282.1700,282.1300,11635847,33533
2020-04-28 11:33:00,282.2000,281.9000,282.1200,282.0400,11680949,36914
2020-04-28 11:34:00,282.1520,281.8600,282.0400,282.1103,11723998,35417
2020-04-28 11:35:00,282.1300,282.0100,282.1100,282.0699,11750779,21832
2020-04-28 11:36:00,282.3200,281.9506,282.0700,282.3200,11797566,37869
2020-04-28 11:37:00,282.3600,282.1900,282.3100,282.3450,11831224,26888
2020-04-28 11:38:00,282.3500,281.9400,282.3500,281.9700,11877309,38976
2020-04-28 11:39:00,282.0300,281.8100,282.0000,281.8659,11924518,38185
2020-04-28 11:40:00,281.9607,281.7201,281.8800,281.9300,11978752,46426
2020-04-28 11:41:00,281.9377,281.5858,281.9200,281.8600,12021825,34282
2020-04-28 11:42:00,281.9500,281.6950,281.7900,281.8400,12046750,18816
2020-04-28 11:43:00,281.8200,281.6150,281.8100,281.6600,12085164,29064
2020-04-28 11:44:00,281.6600,281.3470,281.6500,281.3800,12155052,58353
2020-04-28 11:45:00,281.7000,281.3600,281.4000,281.6870,12190987,28398
2020-04-28 11:46:00,282.0050,281.7100,281.7100,281.8619,12252199,53198
2020-04-28 11:47:00,281.8700,281.6900,281.8400,281.7799,12281789,23938
2020-04-28 11:48:00,281.9200,281.7000,281.7650,281.8200,12311019,23400
2020-04-28 11:49:00,281.8400,281.4100,281.8017,281.5500,12356274,32976
2020-04-28 11:50:00,281.7500,281.4700,281.5400,281.4900,12381817,19164
2020-04-28 11:51:00,281.7250,281.2000,281.5800,281.2400,12436074,43872
2020-04-28 11:52:00,281.3400,280.9400,281.2600,281.0900,12519745,66114
2020-04-28 11:53:00,281.3200,281.0411,281.0716,281.2250,12573013,45569
2020-04-28 11:54:00,281.4700,281.2123,281.2123,281.4300,12622472,43521
2020-04-28 11:55:00,281.4400,281.2200,281.4331,281.2900,12657356,27650
2020-04-28 11:56:00,281.4300,281.1000,281.3410,281.3700,12708879,42840
2020-04-28 11:57:00,281.3600,281.1800,281.3401,281.2400,12775147,59942
2020-04-28 11:58:00,281.3100,281.1050,281.2300,281.2300,12800965,18971
2020-04-28 11:59:00,281.2600,280.9700,281.2300,281.0098,12848175,39184
2020-04-28 12:00:00,281.1500,280.9800,280.9800,281.1500,12883030,27489
2020-04-28 12:01:00,281.3000,281.0200,281.1500,281.1300,12917167,24125
2020-04-28 12:02:00,281.1400,280.8250,281.1101,280.8800,12960087,34158
2020-04-28 12:03:00,280.8900,280.3100,280.8500,280.3299,13056345,76691
2020-04-28 12:04:00,280.6300,280.3200,280.3300,280.6000,13103250,37354
2020-04-28 12:05:00,280.7807,280.5300,280.6200,280.7799,13140091,29067
2020-04-28 12:06:00,280.8799,280.6750,280.7650,280.8600,13190088,39985
2020-04-28 12:07:00,280.9000,280.5801,280.8600,280.6650,13230370,31636
2020-04-28 12:08:00,280.9700,280.7200,280.7200,280.9700,13278287,38256
2020-04-28 12:09:00,280.9694,280.8300,280.9500,280.9369,13306848,20918
2020-04-28 12:10:00,281.0000,280.9000,280.9300,280.9500,13340287,27603
2020-04-28 12:11:00,281.2100,280.8900,280.9700,281.1650,13386862,36975
2020-04-28 12:12:00,281.3089,281.1300,281.1700,281.2400,13426288,31240
2020-04-28 12:13:00,281.2300,280.7850,281.2300,280.8100,13480561,40646
2020-04-28 12:14:00,280.9100,280.7000,280.8100,280.8050,13511175,23361
2020-04-28 12:15:00,280.8000,280.5500,280.8000,280.6000,13566648,45332
2020-04-28 12:16:00,280.5700,279.6600,280.5700,279.6800,13787763,165882
2020-04-28 12:17:00,280.2400,279.6600,279.6600,280.2000,13858552,55198
2020-04-28 12:18:00,280.1840,279.5900,280.1840,279.6902,13928960,53876
2020-04-28 12:19:00,279.8099,279.3310,279.7000,279.3806,14006989,60272
2020-04-28 12:20:00,279.7300,279.4250,279.4300,279.5900,14081725,60928
2020-04-28 12:21:00,279.9600,279.5200,279.5928,279.7300,14161252,64308
2020-04-28 12:22:00,279.9500,279.5300,279.7500,279.8800,14234707,62058
2020-04-28 12:23:00,279.9700,279.6300,279.9100,279.7971,14285878,40821
2020-04-28 12:24:00,279.8800,279.4600,279.7700,279.8200,14347063,47925
2020-04-28 12:25:00,280.1000,279.7738,279.8000,280.0700,14415706,53519
2020-04-28 12:26:00,280.1900,279.9050,280.1000,280.1292,14457722,32123
2020-04-28 12:27:00,280.2900,280.0000,280.1500,280.1339,14502242,37415
2020-04-28 12:28:00,280.2800,280.0500,280.1300,280.1900,14541049,28715
2020-04-28 12:29:00,280.2200,280.0700,280.1650,280.1900,14582087,33968
2020-04-28 12:30:00,280.3500,280.0774,280.1700,280.2200,14632339,42026
2020-04-28 12:31:00,280.2300,279.8360,280.2100,280.1200,14700770,55076
2020-04-28 12:32:00,280.3900,280.1300,280.1311,280.2500,14768762,53729
2020-04-28 12:33:00,280.4500,280.1800,280.2400,280.4400,14812198,34642
2020-04-28 12:34:00,280.5400,280.3000,280.4200,280.3800,14860170,40270
2020-04-28 12:35:00,280.6900,280.3100,280.3900,280.6000,14904626,33800
2020-04-28 12:36:00,280.8000,280.5400,280.5700,280.7793,14966593,51910
2020-04-28 12:37:00,280.8031,280.7000,280.7600,280.7700,15011292,39556
2020-04-28 12:38:00,280.7700,280.5901,280.7700,280.7401,15073263,54803
2020-04-28 12:39:00,280.9100,280.7100,280.7100,280.8900,15127593,44556
2020-04-28 12:40:00,280.9750,280.7200,280.9200,280.7300,15195654,60452
2020-04-28 12:41:00,280.9700,280.6000,280.7300,280.9152,15255351,49269
2020-04-28 12:42:00,281.0499,280.8150,280.9370,280.9100,15329927,64138
2020-04-28 12:43:00,281.1000,280.8500,280.9100,280.9939,15373954,35861
2020-04-28 12:44:00,281.1400,280.9600,281.0100,281.0100,15429936,50281
2020-04-28 12:45:00,281.1200,280.8900,281.0100,281.0350,15481344,43441
2020-04-28 12:46:00,281.0150,280.8000,281.0150,280.8161,15523650,34879
2020-04-28 12:47:00,280.8400,280.5000,280.8200,280.5600,15590170,55823
2020-04-28 12:48:00,280.7699,280.4508,280.5700,280.7450,15625095,26064
2020-04-28 12:49:00,280.9300,280.7400,280.7400,280.8838,15661095,28202
2020-04-28 12:50:00,281.1300,280.7844,280.8800,281.0500,15707427,37694
2020-04-28 12:51:00,281.2200,280.9200,281.0300,281.0500,15759812,40436
2020-04-28 12:52:00,281.0750,280.8800,281.0500,281.0600,15811575,44466
2020-04-28 12:53:00,281.0600,280.9600,281.0200,281.0300,15843741,27043
2020-04-28 12:54:00,281.0600,280.9800,281.0480,281.0100,15869892,20262
2020-04-28 12:55:00,281.1300,280.8399,280.9900,280.8399,15904079,25258
2020-04-28 12:56:00,281.3000,280.8201,280.8500,281.3000,15963137,47595
2020-04-28 12:57:00,281.6400,281.2500,281.2997,281.6300,16032737,58666
2020-04-28 12:58:00,281.6500,281.4100,281.6500,281.4385,16074698,33647
2020-04-28 12:59:00,281.5600,281.4100,281.4200,281.5600,16104788,24648
2020-04-28 13:00:00,281.5300,281.3700,281.5100,281.4500,16135780,27383
2020-04-28 13:01:00,281.5599,281.3535,281.4500,281.3999,16175167,31444
2020-04-28 13:02:00,281.5300,281.2800,281.3400,281.5300,16210532,30843
2020-04-28 13:03:00,281.6300,281.4200,281.5400,281.5250,16262872,42815
2020-04-28 13:04:00,281.6450,281.3400,281.5000,281.6000,16304667,34547
2020-04-28 13:05:00,281.7300,281.4100,281.5000,281.5700,16342690,32134
2020-04-28 13:06:00,281.6900,281.3900,281.5900,281.5200,16370549,20165
2020-04-28 13:07:00,281.5300,281.3700,281.5200,281.5200,16394852,19246
2020-04-28 13:08:00,281.5390,281.2200,281.4900,281.2362,16436089,35658
2020-04-28 13:09:00,281.4090,281.2300,281.2500,281.3300,16463318,22237
2020-04-28 13:10:00,281.3400,281.0900,281.3200,281.1802,16508606,38039
2020-04-28 13:11:00,281.3600,281.0900,281.2200,281.2500,16550896,36728
2020-04-28 13:12:00,281.3400,281.1600,281.2300,281.2500,16579894,24658
2020-04-28 13:13:00,281.2800,281.1200,281.2000,281.2550,16604910,19611
2020-04-28 13:14:00,281.3499,281.0800,281.2600,281.0800,16631069,19949
2020-04-28 13:15:00,281.1000,280.8000,281.0800,280.9000,16690359,47819
2020-04-28 13:16:00,281.1050,280.8600,280.9000,280.9700,16728315,29429
2020-04-28 13:17:00,281.0800,280.8800,280.9900,280.8800,16755944,22510
2020-04-28 13:18:00,281.0800,280.7300,280.9000,280.7700,16797014,34346
2020-04-28 13:19:00,280.9600,280.7700,280.7700,280.9400,16824177,20968
2020-04-28 13:20:00,281.1000,280.8809,280.9750,280.8900,16847984,18510
2020-04-28 13:21:00,281.2900,280.9200,280.9200,281.2550,16884162,28235
2020-04-28 13:22:00,281.2400,280.9300,281.2400,281.0000,16920675,30752
2020-04-28 13:23:00,281.3800,281.0000,281.0000,281.3000,16951400,23390
2020-04-28 13:24:00,281.3200,281.0650,281.3100,281.1250,16972822,17399
2020-04-28 13:25:00,281.3000,281.1375,281.1500,281.2600,17001612,24719
2020-04-28 13:26:00,281.3600,281.0400,281.2650,281.1100,17040579,31014
2020-04-28 13:27:00,281.1500,280.8800,281.1100,281.0100,17076976,29679
2020-04-28 13:28:00,281.1400,280.9500,280.9800,281.0500,17093244,12374
2020-04-28 13:29:00,281.1200,280.9548,281.0400,280.9908,17115613,17446
2020-04-28 13:30:00,281.1800,280.6700,281.0372,280.7527,17160269,35931
2020-04-28 13:31:00,280.9130,280.6700,280.7900,280.7700,17192130,24486
2020-04-28 13:32:00,280.9900,280.7800,280.7900,280.8700,17215703,18277
2020-04-28 13:33:00,281.1200,280.8700,280.8700,281.0800,17247031,22282
2020-04-28 13:34:00,281.0400,280.5800,281.0400,280.6000,17289121,34420
2020-04-28 13:35:00,280.9200,280.6200,280.6200,280.6600,17329683,33793
2020-04-28 13:36:00,280.7103,280.4000,280.6699,280.6303,17374802,35771
2020-04-28 13:37:00,280.7400,280.4800,280.6250,280.5100,17418612,35464
2020-04-28 13:38:00,280.6000,280.5000,280.5300,280.5300,17445186,21278
2020-04-28 13:39:00,280.7800,280.5285,280.5285,280.5900,17475672,23175
2020-04-28 13:40:00,280.6300,280.2500,280.6100,280.2700,17518588,33776
2020-04-28 13:41:00,280.5500,280.1800,280.2600,280.5500,17566321,37770
2020-04-28 13:42:00,280.5500,280.2700,280.5500,280.3750,17605380,31814
2020-04-28 13:43:00,280.5500,280.2800,280.3800,280.3475,17641092,26574
2020-04-28 13:44:00,280.6100,280.3000,280.3600,280.6000,17673732,25235
2020-04-28 13:45:00,281.0900,280.5600,280.5900,281.0200,17771233,74861
2020-04-28 13:46:00,281.0800,280.8600,281.0400,281.0450,17805234,27256
2020-04-28 13:47:00,281.3400,281.0327,281.0327,281.3170,17861417,44778
2020-04-28 13:48:00,281.4100,281.2700,281.3250,281.3599,17898054,29818
2020-04-28 13:49:00,281.4100,281.2900,281.3500,281.3000,17938040,32653
2020-04-28 13:50:00,281.4100,281.1600,281.2900,281.2400,18000409,53927
2020-04-28 13:51:00,281.3700,281.1200,281.2242,281.2700,18036209,29634
2020-04-28 13:52:00,281.3500,281.1800,281.2598,281.2500,18055972,16013
2020-04-28 13:53:00,281.2800,280.9700,281.2300,281.1600,18089853,26011
2020-04-28 13:54:00,281.1800,281.0700,281.1200,281.1800,18103537,10663
2020-04-28 13:55:00,281.2300,281.0500,281.1900,281.1700,18121037,14324
2020-04-28 13:56:00,281.2500,281.1100,281.1700,281.1500,18141785,15741
2020-04-28 13:57:00,281.2900,281.0501,281.1600,281.2150,18171168,23597
2020-04-28 13:58:00,281.2100,281.0900,281.2100,281.2000,18187461,12272
2020-04-28 13:59:00,281.2975,280.9250,281.1800,280.9650,18222516,27135
2020-04-28 14:00:00,281.0881,280.9200,280.9800,281.0450,18244767,16663
2020-04-28 14:01:00,281.2400,281.0200,281.0200,281.1906,18280877,19958
2020-04-28 14:02:00,281.3700,281.1400,281.2000,281.3400,18307733,19296
2020-04-28 14:03:00,281.5150,281.2700,281.3500,281.4200,18354057,39893
2020-04-28 14:04:00,281.4900,281.3201,281.4100,281.4799,18382575,15417
2020-04-28 14:05:00,281.7176,281.4800,281.4800,281.6158,18432568,42978
2020-04-28 14:06:00,281.6490,281.5200,281.6000,281.5299,18455969,18115
2020-04-28 14:07:00,281.6179,281.4105,281.5100,281.5600,18477060,16663
2020-04-28 14:08:00,281.6200,281.4750,281.5600,281.4900,18498780,17937
2020-04-28 14:09:00,281.7900,281.4400,281.5000,281.6914,18537767,32524
2020-04-28 14:10:00,281.8400,281.6500,281.6800,281.8000,18577080,23083
2020-04-28 14:11:00,281.9400,281.7500,281.7950,281.8358,18636812,49553
2020-04-28 14:12:00,282.0000,281.8000,281.8200,281.9200,18672899,28196
2020-04-28 14:13:00,282.0500,281.8900,281.9456,281.9000,18717340,36228
2020-04-28 14:14:00,281.9400,281.8200,281.9100,281.8700,18743453,20529
2020-04-28 14:15:00,281.8600,281.5800,281.8400,281.6500,18797814,48090
2020-04-28 14:16:00,281.7400,281.6000,281.6000,281.6200,18828695,25245
2020-04-28 14:17:00,281.6800,281.4500,281.6100,281.4601,18863756,28727
2020-04-28 14:18:00,281.7200,281.4500,281.4681,281.5300,18902518,32385
2020-04-28 14:19:00,281.7400,281.4880,281.5200,281.6700,18945405,22255
2020-04-28 14:20:00,281.6700,281.5300,281.6500,281.6000,18967946,18945
2020-04-28 14:21:00,281.6750,281.5000,281.6200,281.6200,18993202,19496
2020-04-28 14:22:00,281.6700,281.4300,281.6000,281.6400,19019947,21613
2020-04-28 14:23:00,281.6700,281.4700,281.6500,281.5200,19042175,16198
2020-04-28 14:24:00,281.6400,281.3900,281.5500,281.4473,19069794,21727
2020-04-28 14:25:00,281.5500,281.3700,281.4400,281.4500,19096387,20351
2020-04-28 14:26:00,281.6199,281.4300,281.4300,281.6150,19152025,50786
2020-04-28 14:27:00,281.6500,281.5300,281.6099,281.5300,19173800,17531
2020-04-28 14:28:00,281.5400,281.2000,281.5300,281.2500,19219678,38772
2020-04-28 14:29:00,281.2800,280.8700,281.2600,281.0500,19311882,79000
2020-04-28 14:30:00,281.1900,280.9900,281.0500,281.1650,19346409,27019
2020-04-28 14:31:00,281.4900,281.1300,281.1500,281.2702,19394741,39550
2020-04-28 14:32:00,281.3500,281.1700,281.3000,281.2000,19434216,32670
2020-04-28 14:33:00,281.3600,281.1000,281.1832,281.3300,19466270,24409
2020-04-28 14:34:00,281.3443,281.2000,281.3200,281.2250,19486363,14949
2020-04-28 14:35:00,281.2900,281.0700,281.2400,281.1516,19513245,20542
2020-04-28 14:36:00,281.2270,281.0000,281.1600,281.0000,19552424,22347
2020-04-28 14:37:00,281.0488,280.7100,281.0000,280.7273,19594486,32438
2020-04-28 14:38:00,280.9299,280.7300,280.7300,280.8900,19616672,15432
2020-04-28 14:39:00,280.9600,280.8000,280.8892,280.9600,19644433,21955
2020-04-28 14:40:00,281.1000,280.8400,280.9563,280.8897,19670927,18749
2020-04-28 14:41:00,281.0706,280.8400,280.8700,280.9900,19697508,19742
2020-04-28 14:42:00,281.0900,280.9100,281.0000,280.9600,19721789,18811
2020-04-28 14:43:00,281.2000,280.9500,280.9588,281.1602,19749678,21323
2020-04-28 14:44:00,281.1800,281.0100,281.1800,281.0530,19781860,26756
2020-04-28 14:45:00,281.0400,280.7100,281.0400,280.8100,19824358,33896
2020-04-28 14:46:00,281.0500,280.7800,280.7900,280.9700,19855709,23426
2020-04-28 14:47:00,281.1200,280.9800,280.9900,281.1050,19881004,21194
2020-04-28 14:48:00,281.0700,280.8900,281.0700,281.0400,19909859,21628
2020-04-28 14:49:00,281.0800,280.8900,281.0500,280.9500,19930204,15730
2020-04-28 14:50:00,281.2164,280.9400,280.9600,281.0547,19984930,44207
2020-04-28 14:51:00,281.3300,280.9800,281.0300,281.1700,20029210,34823
2020-04-28 14:52:00,281.2300,280.9100,281.1700,280.9200,20052713,16587
2020-04-28 14:53:00,280.9050,280.4700,280.8900,280.6800,20137543,73654
2020-04-28 14:54:00,280.8953,280.6600,280.6701,280.8228,20165643,22047
2020-04-28 14:55:00,280.8800,280.6062,280.8200,280.6400,20194370,21111
2020-04-28 14:56:00,280.9050,280.6608,280.6608,280.8598,20247280,23592
2020-04-28 14:57:00,280.8400,280.4530,280.8400,280.5201,20289384,31994
2020-04-28 14:58:00,280.7500,280.5400,280.5400,280.5800,20321269,25384
2020-04-28 14:59:00,280.7300,280.4600,280.6000,280.6823,20350765,22654
2020-04-28 15:00:00,280.8330,280.5500,280.6800,280.8250,20380197,23087
2020-04-28 15:01:00,280.8200,280.5700,280.8200,280.6300,20408972,20821
2020-04-28 15:02:00,280.9100,280.6100,280.6300,280.8303,20456027,39965
2020-04-28 15:03:00,281.0600,280.8000,280.8000,281.0200,20504959,40902
2020-04-28 15:04:00,281.1782,280.9700,281.0200,281.0000,20550562,39207
2020-04-28 15:05:00,281.0200,280.9000,280.9866,280.9600,20573964,19115
2020-04-28 15:06:00,281.1410,280.9350,280.9800,280.9850,20606211,25425
2020-04-28 15:07:00,281.1599,280.8800,280.9831,281.1000,20645154,33902
2020-04-28 15:08:00,281.2599,281.0900,281.0900,281.1400,20725072,42745
2020-04-28 15:09:00,281.1600,281.0060,281.1600,281.0900,20759503,29637
2020-04-28 15:10:00,281.0800,280.9002,281.0800,280.9500,20792836,28589
2020-04-28 15:11:00,281.0292,280.7100,280.9100,280.9600,20839564,36559
2020-04-28 15:12:00,280.9500,280.8000,280.9400,280.9211,20864768,16566
2020-04-28 15:13:00,280.9800,280.7700,280.9000,280.7700,20894044,20297
2020-04-28 15:14:00,281.0000,280.7800,280.7800,280.9028,20930096,31130
2020-04-28 15:15:00,281.0600,280.6500,280.9299,280.7300,20991824,52285
2020-04-28 15:16:00,280.9500,280.5800,280.6700,280.6900,21048857,44816
2020-04-28 15:17:00,280.6850,280.5400,280.6600,280.6600,21090316,33433
2020-04-28 15:18:00,280.6900,280.4400,280.6600,280.4400,21129569,27982
2020-04-28 15:19:00,280.6000,280.3800,280.4500,280.5800,21176824,35002
2020-04-28 15:20:00,280.8800,280.5200,280.6078,280.6900,21244864,56972
2020-04-28 15:21:00,282.4000,280.6627,280.6700,280.8600,21326872,58737
2020-04-28 15:22:00,280.8900,280.0000,280.8600,280.0000,21449379,92107
2020-04-28 15:23:00,280.4144,280.0000,280.0100,280.3300,21537886,73366
2020-04-28 15:24:00,280.6000,280.3600,280.3600,280.4700,21577792,30510
2020-04-28 15:25:00,280.6150,280.4005,280.4600,280.5800,21616467,31709
2020-04-28 15:26:00,280.8700,280.5800,280.5800,280.6900,21678894,55544
2020-04-28 15:27:00,280.9200,280.6600,280.6800,280.8000,21717129,31595
2020-04-28 15:28:00,280.9500,280.7290,280.8100,280.8300,21752180,26489
2020-04-28 15:29:00,280.8700,280.6000,280.8200,280.7375,21798394,37895
2020-04-28 15:30:00,280.8000,280.5750,280.7100,280.7600,21842329,35298
2020-04-28 15:31:00,280.8100,280.5228,280.7400,280.7000,21887990,34286
2020-04-28 15:32:00,280.7400,280.4800,280.6850,280.4800,21927764,32267
2020-04-28 15:33:00,280.5600,280.3200,280.4600,280.4450,21980428,41994
2020-04-28 15:34:00,280.4800,280.2000,280.4500,280.3300,22032897,43841
2020-04-28 15:35:00,280.3500,280.0100,280.3200,280.0100,22082389,40946
2020-04-28 15:36:00,280.2700,280.0000,280.0200,280.0400,22172194,74915
2020-04-28 15:37:00,280.2000,280.0100,280.0500,280.2000,22224409,41606
2020-04-28 15:38:00,280.2500,280.0000,280.2200,280.1950,22294619,57745
2020-04-28 15:39:00,280.3100,280.1900,280.2000,280.2300,22356142,47417
2020-04-28 15:40:00,280.4400,280.1000,280.2300,280.4300,22436934,71662
2020-04-28 15:41:00,280.4500,280.2000,280.4100,280.2400,22496255,49104
2020-04-28 15:42:00,280.4200,280.2400,280.2400,280.3300,22535507,31665
2020-04-28 15:43:00,280.3400,280.1600,280.3400,280.2500,22577904,33628
2020-04-28 15:44:00,280.2910,280.0400,280.2700,280.1600,22645484,56106
2020-04-28 15:45:00,280.3000,279.9900,280.1401,280.0400,22698799,40412
2020-04-28 15:46:00,280.1200,279.7300,280.0300,279.8400,22825096,105560
2020-04-28 15:47:00,279.8400,279.6101,279.8300,279.6500,22921735,81130
2020-04-28 15:48:00,280.0600,279.6500,279.6500,280.0200,23019844,87972
2020-04-28 15:49:00,280.1300,279.6900,280.0089,279.7200,23099250,68170
2020-04-28 15:50:00,279.7700,279.4425,279.7100,279.4600,23191487,75992
2020-04-28 15:51:00,279.7700,279.2500,279.5000,279.5300,23342828,122763
2020-04-28 15:52:00,279.5800,278.9000,279.5400,278.9900,23510718,135829
2020-04-28 15:53:00,279.4100,278.9400,279.0000,279.1591,23630423,102978
2020-04-28 15:54:00,279.1700,278.9100,279.1600,278.9320,23706675,58073
2020-04-28 15:55:00,279.0550,278.4500,278.9425,278.6444,23881284,141421
2020-04-28 15:56:00,278.9900,278.6500,278.6600,278.8900,24039912,117695
2020-04-28 15:57:00,278.9100,278.6300,278.8800,278.8000,24159891,82048
2020-04-28 15:58:00,278.8200,278.5000,278.7900,278.6100,24314503,117592
2020-04-28 15:59:00,278.7600,278.3400,278.6100,278.6399,24536997,173954
2020-04-28 16:00:00,278.9800,278.2000,278.6400,278.5700,24958079,339480