2020-04-27 09:31:00,1296.1500,1289.2400,1296.0000,1292.1400,55434,32448
2020-04-27 09:32:00,1291.2000,1289.9400,1290.7000,1289.9400,60691,2374
2020-04-27 09:33:00,1291.4500,1286.5000,1290.2550,1288.9700,75276,4600
2020-04-27 09:34:00,1289.5500,1286.6700,1288.6800,1286.6700,78054,610
2020-04-27 09:35:00,1287.1200,1280.4200,1286.0347,1280.4700,91879,6982
2020-04-27 09:36:00,1281.9800,1276.5750,1280.6500,1280.6700,111953,10151
2020-04-27 09:37:00,1280.6100,1277.3075,1280.5400,1278.5100,120105,3600
2020-04-27 09:38:00,1280.2200,1278.1700,1278.1700,1279.1100,124030,1710
2020-04-27 09:39:00,1280.9300,1278.4200,1279.8000,1280.8600,129413,2570
2020-04-27 09:40:00,1283.4701,1279.9900,1281.0400,1283.4701,140245,5831
2020-04-27 09:41:00,1284.8700,1282.4200,1284.0000,1283.4700,147939,2943
2020-04-27 09:42:00,1284.6400,1282.2900,1283.0100,1284.6400,155989,3700
2020-04-27 09:43:00,1287.5600,1285.3200,1285.5400,1287.5000,160999,3180
2020-04-27 09:44:00,1287.1100,1284.1300,1287.0000,1285.0000,166738,2871
2020-04-27 09:45:00,1286.0900,1283.8800,1285.3930,1285.0400,170417,2250
2020-04-27 09:46:00,1284.9350,1283.9500,1283.9500,1284.2900,172413,800
2020-04-27 09:47:00,1285.2900,1284.2900,1284.8500,1285.2900,174453,800
2020-04-27 09:48:00,1284.5000,1281.8950,1284.5000,1281.9600,184566,4900
2020-04-27 09:49:00,1281.9000,1281.0100,1281.9000,1281.0100,188601,1900
2020-04-27 09:50:00,1281.5000,1280.8200,1281.0100,1281.2100,194474,3614
2020-04-27 09:51:00,1281.0000,1278.7300,1280.9600,1278.7300,203156,4531
2020-04-27 09:52:00,1281.0500,1278.8100,1278.8100,1281.0500,211456,3400
2020-04-27 09:53:00,1281.9700,1279.5000,1280.7200,1279.5000,219055,4446
2020-04-27 09:54:00,1280.0450,1279.0000,1279.8700,1279.2100,221618,1198
2020-04-27 09:55:00,1280.8000,1279.2700,1279.3280,1280.6200,226324,2682
2020-04-27 09:56:00,1280.6600,1278.5800,1280.6600,1279.1105,231103,1270
2020-04-27 09:57:00,1280.5660,1278.9300,1278.9300,1280.0550,233526,1000
2020-04-27 09:58:00,1280.8900,1279.7400,1280.0000,1280.8900,237237,1800
2020-04-27 09:59:00,1281.9200,1280.8400,1280.8400,1281.5100,242775,2348
2020-04-27 10:00:00,1281.9999,1281.0000,1281.9999,1281.0000,244041,300
2020-04-27 10:01:00,1281.9300,1281.3000,1281.5000,1281.3000,248744,1774
2020-04-27 10:02:00,1282.3500,1280.9800,1281.6200,1282.3405,254126,2556
2020-04-27 10:03:00,1282.2919,1281.7600,1282.0600,1282.2919,257167,1042
2020-04-27 10:04:00,1283.4800,1282.5000,1282.5000,1282.9500,260815,1695
2020-04-27 10:05:00,1283.4300,1282.5400,1283.2600,1283.1000,266431,3055
2020-04-27 10:06:00,1283.4381,1282.2400,1283.1000,1282.2400,271786,2885
2020-04-27 10:07:00,1282.2400,1280.3701,1282.2400,1280.3701,276241,1387
2020-04-27 10:08:00,1281.2000,1279.0470,1280.9200,1279.0470,279556,1030
2020-04-27 10:09:00,1279.7600,1279.0300,1279.4117,1279.4300,281663,800
2020-04-27 10:10:00,1280.5800,1279.1602,1279.5250,1280.4300,286290,2426
2020-04-27 10:11:00,1281.0267,1279.1500,1280.1800,1281.0267,293982,2970
2020-04-27 10:12:00,1281.9800,1280.8500,1281.0265,1281.4000,298134,1837
2020-04-27 10:13:00,1282.6400,1281.6500,1281.6500,1282.0000,305926,4060
2020-04-27 10:14:00,1283.5500,1281.0700,1282.6000,1283.5500,319741,9270
2020-04-27 10:15:00,1285.3300,1283.7736,1283.8700,1285.3300,326131,2746
2020-04-27 10:16:00,1286.4500,1285.9200,1286.3600,1286.0200,330735,1318
2020-04-27 10:17:00,1286.1500,1285.0916,1285.9200,1285.9811,333343,1100
2020-04-27 10:18:00,1287.9200,1286.5500,1286.5500,1287.9200,336214,1100
2020-04-27 10:19:00,1288.4250,1287.2500,1287.7300,1287.2500,345113,3579
2020-04-27 10:20:00,1290.0000,1286.8600,1287.0400,1288.3850,361771,8981
2020-04-27 10:21:00,1289.4100,1286.3200,1288.5200,1286.3390,368023,2900
2020-04-27 10:22:00,1286.5900,1285.2400,1286.3300,1285.2400,372291,2267
2020-04-27 10:23:00,1286.3700,1285.3800,1286.3700,1285.3800,376089,1593
2020-04-27 10:24:00,1286.3800,1285.9600,1285.9600,1286.3800,377404,700
2020-04-27 10:25:00,1287.4300,1286.3287,1286.7300,1286.9800,380451,1500
2020-04-27 10:26:00,1287.0200,1286.3500,1286.9300,1286.3500,383848,1280
2020-04-27 10:27:00,1287.1500,1286.3200,1286.6200,1286.3200,388534,1683
2020-04-27 10:28:00,1286.1200,1285.3400,1286.1200,1285.6350,391740,1500
2020-04-27 10:29:00,1285.4600,1284.6700,1285.3400,1285.4550,396943,1702
2020-04-27 10:30:00,1286.0000,1285.3354,1285.7600,1285.3354,399309,1253
2020-04-27 10:31:00,1285.9700,1285.3150,1285.3150,1285.5500,400808,600
2020-04-27 10:32:00,1286.0900,1285.0300,1285.9900,1285.0300,402956,700
2020-04-27 10:33:00,1285.7500,1284.3700,1285.6900,1284.9700,406746,1300
2020-04-27 10:34:00,1285.5600,1284.5700,1284.7900,1285.5600,409590,900
2020-04-27 10:35:00,1285.8700,1283.8100,1285.8700,1283.8100,412978,900
2020-04-27 10:36:00,1286.0000,1282.0000,1283.6400,1286.0000,430566,7601
2020-04-27 10:37:00,1286.9400,1285.6000,1285.6000,1286.5300,435946,2600
2020-04-27 10:38:00,1286.8300,1286.0000,1286.6000,1286.0000,437842,1100
2020-04-27 10:39:00,1286.4442,1285.6100,1285.6100,1286.0830,439433,500
2020-04-27 10:40:00,1287.5200,1285.2050,1285.6800,1287.5200,443908,1707
2020-04-27 10:41:00,1287.7000,1286.7600,1287.7000,1287.0800,447304,1700
2020-04-27 10:42:00,1289.6700,1287.5000,1287.5000,1289.6700,451122,1550
2020-04-27 10:43:00,1290.0000,1288.8000,1289.1400,1289.6385,455412,2408
2020-04-27 10:44:00,1289.7200,1288.8940,1289.2100,1289.7200,458058,1190
2020-04-27 10:45:00,1290.0000,1290.0000,1290.0000,1290.0000,459753,158
2020-04-27 10:46:00,1290.3800,1287.2200,1289.9900,1287.2500,466683,3675
2020-04-27 10:47:00,1286.5500,1285.2500,1286.5500,1286.1800,468440,500
2020-04-27 10:48:00,1285.8050,1285.8050,1285.8050,1285.8050,469749,300
2020-04-27 10:49:00,1287.4799,1285.4100,1286.2300,1286.7200,481181,5800
2020-04-27 10:50:00,1287.0200,1285.9500,1286.5000,1287.0200,483977,1100
2020-04-27 10:51:00,1287.2500,1287.2500,1287.2500,1287.2500,486309,100
2020-04-27 10:52:00,1287.0261,1287.0000,1287.0000,1287.0261,487594,300
2020-04-27 10:53:00,1287.9400,1287.1500,1287.1500,1287.9400,490719,1000
2020-04-27 10:54:00,1287.7500,1287.2300,1287.7500,1287.2300,492938,500
2020-04-27 10:55:00,1286.7600,1285.6980,1286.7600,1286.5100,499168,2221
2020-04-27 10:56:00,1286.8887,1286.4400,1286.5100,1286.8800,500869,695
2020-04-27 10:57:00,1286.2800,1286.1800,1286.2300,1286.2800,503070,500
2020-04-27 10:58:00,1285.7600,1285.7600,1285.7600,1285.7600,504015,100
2020-04-27 10:59:00,1285.1170,1284.0000,1285.1170,1284.4600,506539,1050
2020-04-27 11:00:00,1284.2300,1283.1200,1284.2300,1283.2478,510638,3240
2020-04-27 11:01:00,1283.9800,1282.6500,1283.6300,1282.9200,515566,2050
2020-04-27 11:02:00,1282.8774,1281.2300,1282.8400,1282.5600,523543,5000
2020-04-27 11:03:00,1283.8100,1282.5700,1282.5700,1283.8100,526907,1873
2020-04-27 11:04:00,1284.5700,1284.0000,1284.0900,1284.5700,529653,600
2020-04-27 11:05:00,1284.4200,1283.9000,1284.1100,1283.9150,537167,3947
2020-04-27 11:06:00,1284.4600,1282.7900,1283.8850,1283.3850,540764,1816
2020-04-27 11:07:00,1283.3500,1282.8000,1283.1350,1283.3500,548987,6650
2020-04-27 11:08:00,1284.0000,1283.0500,1283.6900,1283.8550,564644,10560
2020-04-27 11:09:00,1284.2500,1283.1800,1283.9700,1283.5000,566419,900
2020-04-27 11:10:00,1283.5900,1283.2800,1283.5000,1283.2800,568091,300
2020-04-27 11:11:00,1283.6125,1282.7800,1283.1000,1283.3000,570801,1575
2020-04-27 11:12:00,1282.8020,1281.3922,1282.3900,1282.0500,575845,2518
2020-04-27 11:13:00,1282.7700,1282.5000,1282.5000,1282.7700,576941,400
2020-04-27 11:14:00,1283.3999,1282.7762,1283.3999,1282.7762,584521,5930
2020-04-27 11:15:00,1283.0100,1282.4200,1282.6000,1282.9600,587747,913
2020-04-27 11:16:00,1284.1300,1283.1000,1283.2400,1283.9200,592564,1257
2020-04-27 11:17:00,1283.8000,1283.3800,1283.8000,1283.3800,599096,5450
2020-04-27 11:18:00,1283.7900,1283.3300,1283.4730,1283.7542,601701,1699
2020-04-27 11:19:00,1284.5750,1283.7900,1284.3500,1284.2650,610663,5386
2020-04-27 11:20:00,1284.6725,1284.0100,1284.2500,1284.6725,613078,900
2020-04-27 11:21:00,1284.3250,1284.3100,1284.3100,1284.3100,614229,300
2020-04-27 11:22:00,1284.9080,1284.1800,1284.3600,1284.8100,616428,990
2020-04-27 11:23:00,1284.7800,1284.2200,1284.4500,1284.2690,618210,750
2020-04-27 11:24:00,1284.6100,1283.9000,1284.4600,1284.2000,622696,2600
2020-04-27 11:25:00,1284.6200,1283.5600,1284.2750,1283.5600,627321,2000
2020-04-27 11:26:00,1285.6500,1284.0000,1284.0000,1285.4350,632633,3100
2020-04-27 11:27:00,1285.7000,1284.9200,1285.7000,1285.5600,634749,1461
2020-04-27 11:28:00,1285.7100,1285.2250,1285.3200,1285.2250,637999,2100
2020-04-27 11:29:00,1285.4100,1285.2250,1285.2250,1285.4100,638692,600
2020-04-27 11:30:00,1285.3150,1284.9500,1285.3150,1285.1150,641769,1516
2020-04-27 11:31:00,1285.1300,1285.1000,1285.1000,1285.1300,642590,410
2020-04-27 11:32:00,1285.0750,1284.3600,1284.8800,1284.6750,647040,2400
2020-04-27 11:33:00,1285.1300,1284.0000,1284.9900,1284.0000,651765,2687
2020-04-27 11:34:00,1285.2500,1283.7200,1284.0000,1285.2500,655565,1206
2020-04-27 11:35:00,1285.2600,1284.7250,1284.9400,1284.7250,658277,1518
2020-04-27 11:36:00,1284.0300,1283.4751,1283.8000,1283.7850,659928,850
2020-04-27 11:37:00,1284.1200,1284.1200,1284.1200,1284.1200,661026,100
2020-04-27 11:38:00,1284.8944,1284.0600,1284.0600,1284.8900,664695,800
2020-04-27 11:39:00,1285.5600,1285.0900,1285.1200,1285.2500,666592,1015
2020-04-27 11:40:00,1285.2600,1284.0425,1285.2600,1284.0425,668607,1300
2020-04-27 11:41:00,1284.6800,1283.8206,1284.2400,1284.0150,670652,1104
2020-04-27 11:42:00,1284.2000,1284.2000,1284.2000,1284.2000,670852,100
2020-04-27 11:43:00,1283.6274,1283.5900,1283.6274,1283.5900,671517,331
2020-04-27 11:44:00,1284.4700,1284.0450,1284.1045,1284.0500,674817,1660
2020-04-27 11:45:00,1284.3800,1283.7600,1283.9500,1284.0000,677746,1865
2020-04-27 11:46:00,1284.3500,1283.6400,1284.1550,1283.7400,679540,600
2020-04-27 11:47:00,1284.1400,1283.5800,1283.7900,1284.1400,682928,1900
2020-04-27 11:48:00,1283.9700,1283.7700,1283.8400,1283.7700,683658,400
2020-04-27 11:49:00,1283.7800,1282.8600,1283.7800,1283.0066,686385,1600
2020-04-27 11:50:00,1283.2700,1282.7500,1282.7500,1283.2700,689409,894
2020-04-27 11:51:00,1283.2700,1283.0000,1283.0000,1283.2700,690311,326
2020-04-27 11:52:00,1283.3300,1282.5000,1283.3300,1282.5800,691961,800
2020-04-27 11:53:00,1282.5400,1281.3200,1282.5400,1281.3200,693710,700
2020-04-27 11:54:00,1281.4400,1280.7000,1281.1850,1280.9114,697309,2300
2020-04-27 11:55:00,1281.0000,1280.6700,1280.8950,1280.6700,698334,400
2020-04-27 11:56:00,1280.7300,1280.0000,1280.5700,1280.0000,703201,2000
2020-04-27 11:57:00,1280.1699,1280.0000,1280.0000,1280.1499,704485,400
2020-04-27 11:58:00,1280.1800,1279.7758,1279.7758,1280.1500,707829,2023
2020-04-27 11:59:00,1279.9100,1279.0000,1279.8800,1279.0500,711814,1850
2020-04-27 12:00:00,1280.0800,1278.7155,1278.7155,1280.0800,715063,1800
2020-04-27 12:01:00,1280.4300,1279.2300,1280.0850,1279.2300,718042,1300
2020-04-27 12:02:00,1278.8100,1277.5000,1278.5000,1277.5000,721300,1982
2020-04-27 12:03:00,1277.9600,1277.2500,1277.5800,1277.5138,725350,2002
2020-04-27 12:04:00,1277.0000,1275.2800,1277.0000,1275.7800,730812,2996
2020-04-27 12:05:00,1275.6750,1274.3468,1275.2500,1275.3000,737817,3617
2020-04-27 12:06:00,1275.4600,1274.7500,1274.9500,1274.7500,741398,1580
2020-04-27 12:07:00,1275.3500,1274.7400,1275.0750,1275.2000,744364,1456
2020-04-27 12:08:00,1275.9613,1275.5000,1275.5000,1275.9613,745376,725
2020-04-27 12:09:00,1276.1400,1274.6800,1275.6400,1275.1500,755413,5434
2020-04-27 12:10:00,1275.0000,1274.9950,1274.9950,1275.0000,756343,345
2020-04-27 12:11:00,1276.4500,1275.0000,1275.3500,1276.1300,760234,2488
2020-04-27 12:12:00,1275.5600,1275.0000,1275.5600,1275.0000,762530,800
2020-04-27 12:13:00,1276.0289,1275.2300,1275.2800,1275.8000,765350,1608
2020-04-27 12:14:00,1275.6600,1275.0000,1275.3060,1275.0100,768079,2075
2020-04-27 12:15:00,1276.6500,1274.9750,1275.2700,1276.2700,773993,3900
2020-04-27 12:16:00,1277.2800,1276.0900,1276.0900,1277.2800,776930,2100
2020-04-27 12:17:00,1277.2700,1276.9686,1276.9686,1277.1100,780021,2100
2020-04-27 12:18:00,1277.6800,1277.0900,1277.0900,1277.6800,782568,1295
2020-04-27 12:19:00,1277.6200,1277.4200,1277.6100,1277.6050,784188,800
2020-04-27 12:20:00,1278.0500,1277.3701,1277.5964,1277.9700,786389,1000
2020-04-27 12:21:00,1278.1600,1277.3600,1278.0100,1277.8250,789360,2032
2020-04-27 12:22:00,1278.2100,1277.2700,1277.7224,1278.1062,795538,3203
2020-04-27 12:23:00,1277.7700,1277.3600,1277.7500,1277.3600,798303,1312
2020-04-27 12:24:00,1277.4900,1276.9500,1277.2450,1277.1700,801121,2300
2020-04-27 12:25:00,1278.0250,1277.1602,1277.5800,1278.0000,804313,1900
2020-04-27 12:26:00,1278.2400,1277.4100,1278.0050,1277.4400,806686,1503
2020-04-27 12:27:00,1277.7700,1277.4400,1277.5800,1277.4400,808389,600
2020-04-27 12:28:00,1277.2900,1276.7050,1277.2900,1276.7050,810278,700
2020-04-27 12:29:00,1276.4700,1276.0400,1276.4200,1276.4700,811800,500
2020-04-27 12:30:00,1277.0100,1276.0500,1276.6632,1277.0000,813440,804
2020-04-27 12:31:00,1277.6770,1277.2050,1277.2050,1277.2700,814974,940
2020-04-27 12:32:00,1278.0000,1277.4550,1277.4700,1277.8950,817378,1696
2020-04-27 12:33:00,1278.2500,1277.9000,1278.0600,1278.0510,820038,1430
2020-04-27 12:34:00,1278.2500,1277.6400,1278.0000,1278.0000,825349,2831
2020-04-27 12:35:00,1278.5450,1278.0000,1278.1800,1278.4800,828001,1000
2020-04-27 12:36:00,1279.0000,1278.3950,1278.8243,1278.4500,832548,2719
2020-04-27 12:37:00,1278.9703,1278.6460,1278.9703,1278.8700,834413,1156
2020-04-27 12:38:00,1279.7900,1278.8300,1278.8400,1279.3500,839747,3200
2020-04-27 12:39:00,1279.6345,1279.1500,1279.2800,1279.6345,841304,954
2020-04-27 12:40:00,1279.3250,1278.7150,1279.3250,1279.0000,844508,1900
2020-04-27 12:41:00,1278.9000,1278.2950,1278.9000,1278.2950,846895,1700
2020-04-27 12:42:00,1278.7000,1278.1760,1278.1760,1278.7000,847806,356
2020-04-27 12:44:00,1278.8900,1278.4800,1278.4800,1278.6300,849292,500
2020-04-27 12:45:00,1278.6975,1278.6975,1278.6975,1278.6975,850227,100
2020-04-27 12:46:00,1278.3100,1277.9900,1278.2600,1278.3100,852162,475
2020-04-27 12:47:00,1277.9200,1277.4000,1277.9200,1277.4000,853915,935
2020-04-27 12:48:00,1277.9100,1277.3000,1277.3000,1277.6700,855261,500
2020-04-27 12:49:00,1279.2100,1278.2450,1278.6150,1279.0100,859342,2860
2020-04-27 12:50:00,1279.1500,1278.6800,1278.7200,1279.1384,861027,700
2020-04-27 12:51:00,1279.2350,1278.5800,1278.5900,1279.0200,862725,1000
2020-04-27 12:52:00,1279.0350,1278.7300,1278.8300,1279.0350,865393,800
2020-04-27 12:53:00,1279.0000,1278.6274,1279.0000,1278.6274,866647,1000
2020-04-27 12:54:00,1279.1000,1278.5900,1279.0550,1279.0350,869082,2000
2020-04-27 12:55:00,1278.6000,1278.5900,1278.6000,1278.5900,870165,300
2020-04-27 12:56:00,1279.5950,1278.8400,1278.8400,1279.1852,874733,2439
2020-04-27 12:57:00,1280.0499,1279.5900,1279.5900,1280.0499,875824,400
2020-04-27 12:58:00,1279.5750,1279.1800,1279.5500,1279.1800,878860,1770
2020-04-27 12:59:00,1279.0700,1278.4600,1278.7190,1278.7450,880257,1100
2020-04-27 13:00:00,1278.6000,1277.7800,1278.4500,1278.6000,882719,1400
2020-04-27 13:01:00,1278.4712,1278.4550,1278.4712,1278.4550,883119,300
2020-04-27 13:02:00,1278.1771,1276.2500,1278.0450,1277.0600,885952,700
2020-04-27 13:03:00,1277.0350,1277.0350,1277.0350,1277.0350,886232,100
2020-04-27 13:04:00,1276.5700,1274.9250,1276.5000,1275.6900,890544,2050
2020-04-27 13:05:00,1276.0150,1275.6450,1275.6450,1275.9100,891399,600
2020-04-27 13:06:00,1276.3100,1275.1400,1276.1400,1276.0000,895458,2600
2020-04-27 13:07:00,1275.6100,1274.9300,1275.5800,1275.4823,898679,2400
2020-04-27 13:08:00,1275.3400,1274.5000,1275.1600,1274.5000,901492,1400
2020-04-27 13:09:00,1274.9400,1274.2400,1274.9400,1274.3150,906587,3305
2020-04-27 13:10:00,1274.5156,1274.0200,1274.0200,1274.5156,907921,1200
2020-04-27 13:11:00,1274.5000,1274.0000,1274.3000,1274.0100,910935,1603
2020-04-27 13:12:00,1273.9900,1273.7100,1273.9900,1273.7100,911790,200
2020-04-27 13:13:00,1274.6000,1273.9700,1274.5400,1274.5600,916516,2400
2020-04-27 13:14:00,1274.7000,1273.9500,1274.0100,1274.2200,920081,2100
2020-04-27 13:15:00,1274.4900,1274.0000,1274.4900,1274.1925,925790,2015
2020-04-27 13:16:00,1274.6900,1274.0100,1274.1950,1274.0100,929983,2200
2020-04-27 13:17:00,1274.3750,1273.6300,1274.0500,1273.7100,935939,4221
2020-04-27 13:18:00,1274.1400,1273.6700,1273.7200,1273.6700,938709,1000
2020-04-27 13:19:00,1273.7050,1272.6700,1273.6400,1272.6700,943694,2500
2020-04-27 13:20:00,1272.7178,1271.5300,1272.5900,1271.7400,946869,1400
2020-04-27 13:21:00,1271.8200,1271.7000,1271.8200,1271.7000,947822,200
2020-04-27 13:22:00,1272.0700,1271.8700,1272.0000,1271.8700,948771,300
2020-04-27 13:23:00,1272.9681,1271.6800,1272.1100,1271.9900,957229,4409
2020-04-27 13:24:00,1272.3000,1271.2900,1271.8200,1271.3550,959496,1100
2020-04-27 13:25:00,1271.4600,1269.4961,1271.4600,1269.4961,966683,4556
2020-04-27 13:26:00,1270.3100,1269.2800,1269.9050,1269.5801,973771,4100
2020-04-27 13:27:00,1270.3700,1269.0000,1269.2800,1270.2250,979925,4669
2020-04-27 13:28:00,1271.4025,1270.6580,1270.7250,1271.2600,983035,1180
2020-04-27 13:29:00,1272.7000,1270.7700,1270.7700,1272.0000,986851,2220
2020-04-27 13:30:00,1273.9900,1272.1300,1272.4500,1273.7600,992855,3711
2020-04-27 13:31:00,1274.4350,1273.3000,1273.3000,1274.4350,995829,1934
2020-04-27 13:32:00,1274.4700,1273.4800,1274.1200,1273.7200,999531,1300
2020-04-27 13:33:00,1274.3953,1273.4600,1273.8800,1273.4600,1001191,800
2020-04-27 13:34:00,1273.7800,1273.1100,1273.1100,1273.2000,1001777,300
2020-04-27 13:35:00,1274.1600,1273.2200,1273.8900,1273.4900,1003626,1200
2020-04-27 13:36:00,1273.4600,1272.2300,1273.4600,1272.2300,1006742,2100
2020-04-27 13:37:00,1273.1750,1272.6800,1272.6800,1273.0000,1009546,1779
2020-04-27 13:38:00,1274.6100,1272.0200,1273.0000,1274.4750,1012127,1200
2020-04-27 13:39:00,1274.9600,1273.8000,1274.9600,1273.8000,1017541,3540
2020-04-27 13:40:00,1274.9300,1274.1500,1274.5150,1274.2100,1018405,400
2020-04-27 13:41:00,1274.6200,1273.7600,1274.6200,1273.9200,1021808,1500
2020-04-27 13:42:00,1273.6170,1273.2900,1273.3110,1273.2900,1023504,600
2020-04-27 13:43:00,1272.0601,1271.3200,1272.0601,1271.3200,1025374,900
2020-04-27 13:44:00,1272.5052,1272.1000,1272.2600,1272.1000,1027341,500
2020-04-27 13:45:00,1272.0100,1271.2900,1271.5700,1271.6700,1030802,700
2020-04-27 13:46:00,1271.1000,1270.5000,1270.6500,1271.1000,1032239,462
2020-04-27 13:47:00,1271.1200,1270.3300,1270.9688,1270.9800,1035257,1401
2020-04-27 13:48:00,1271.4600,1270.9600,1271.4600,1270.9600,1036655,200
2020-04-27 13:49:00,1271.4100,1270.9400,1270.9400,1271.4100,1037084,200
2020-04-27 13:50:00,1271.3900,1270.6200,1271.3900,1271.1800,1041604,1800
2020-04-27 13:51:00,1271.4300,1270.9100,1270.9100,1271.4300,1042577,200
2020-04-27 13:52:00,1273.6299,1271.8600,1272.0600,1273.2200,1045561,1325
2020-04-27 13:53:00,1273.0778,1271.6000,1272.5900,1272.2600,1048635,1300
2020-04-27 13:54:00,1272.5000,1271.9000,1272.2300,1272.3000,1051529,1200
2020-04-27 13:55:00,1273.5000,1272.5200,1272.5200,1273.5000,1055551,1600
2020-04-27 13:56:00,1274.9500,1273.0000,1273.2600,1274.6600,1060058,2577
2020-04-27 13:57:00,1277.0750,1274.6650,1274.6650,1276.7100,1072783,8075
2020-04-27 13:58:00,1276.7600,1276.0310,1276.2400,1276.0600,1076602,1850
2020-04-27 13:59:00,1275.7700,1274.7000,1275.7700,1275.0600,1079644,1500
2020-04-27 14:00:00,1275.0700,1274.7600,1274.8100,1274.8600,1080771,600
2020-04-27 14:01:00,1276.6700,1274.9300,1274.9300,1276.2100,1085475,2700
2020-04-27 14:02:00,1276.5200,1275.8000,1276.5150,1276.0200,1089796,2228
2020-04-27 14:03:00,1276.3300,1275.9200,1276.1700,1275.9600,1091607,1100
2020-04-27 14:04:00,1276.4750,1275.5200,1275.9600,1276.4750,1093886,700
2020-04-27 14:05:00,1276.7870,1275.6800,1276.7870,1275.6800,1095797,1000
2020-04-27 14:06:00,1276.7100,1275.6500,1275.8100,1276.0700,1099447,1808
2020-04-27 14:07:00,1276.0700,1274.9300,1276.0050,1274.9300,1102377,1610
2020-04-27 14:08:00,1275.6800,1274.7200,1275.5500,1274.9300,1104171,1100
2020-04-27 14:09:00,1275.6900,1274.9600,1275.6900,1275.0600,1105590,800
2020-04-27 14:10:00,1275.7400,1275.3200,1275.7400,1275.3800,1107116,600
2020-04-27 14:11:00,1276.3200,1275.0900,1275.5800,1276.3200,1110259,1700
2020-04-27 14:12:00,1276.7500,1276.7400,1276.7400,1276.7500,1111504,600
2020-04-27 14:13:00,1276.9600,1276.3400,1276.8000,1276.8670,1116190,3200
2020-04-27 14:14:00,1278.1800,1276.8700,1276.8700,1278.1800,1120346,1239
2020-04-27 14:15:00,1278.9000,1277.8200,1278.2900,1278.3500,1128443,6471
2020-04-27 14:16:00,1278.4400,1277.8200,1278.1450,1278.0550,1130784,900
2020-04-27 14:17:00,1278.0868,1277.6000,1277.9800,1277.9400,1132819,800
2020-04-27 14:18:00,1278.6343,1277.9050,1277.9050,1278.4500,1134615,829
2020-04-27 14:19:00,1278.6400,1278.0200,1278.4300,1278.2300,1136195,600
2020-04-27 14:20:00,1278.6400,1278.2800,1278.6400,1278.2800,1138227,609
2020-04-27 14:21:00,1278.7400,1278.0000,1278.5505,1278.3900,1140933,844
2020-04-27 14:22:00,1277.9150,1277.9150,1277.9150,1277.9150,1141292,100
2020-04-27 14:23:00,1277.6100,1277.3800,1277.6100,1277.4000,1142492,560
2020-04-27 14:24:00,1277.6020,1277.2100,1277.3650,1277.2100,1143622,525
2020-04-27 14:25:00,1277.2000,1276.5250,1276.8700,1276.5250,1147259,1600
2020-04-27 14:26:00,1276.5300,1275.5000,1276.4300,1275.7250,1149787,1350
2020-04-27 14:28:00,1275.9700,1275.5300,1275.9600,1275.7000,1151032,600
2020-04-27 14:29:00,1276.2700,1275.3600,1276.0500,1275.3600,1154798,2759
2020-04-27 14:30:00,1275.8500,1274.5200,1275.6125,1274.5200,1158270,1500
2020-04-27 14:31:00,1274.3050,1273.3300,1274.2225,1273.3700,1159772,802
2020-04-27 14:32:00,1274.1600,1272.9400,1273.5150,1274.1600,1161876,1600
2020-04-27 14:33:00,1274.2100,1273.7750,1273.9800,1273.8150,1163043,700
2020-04-27 14:34:00,1274.7300,1273.9400,1274.3200,1273.9400,1164496,1000
2020-04-27 14:35:00,1274.2640,1274.2640,1274.2640,1274.2640,1165071,100
2020-04-27 14:36:00,1274.7300,1274.1450,1274.6000,1274.1450,1167656,1300
2020-04-27 14:37:00,1274.4800,1274.0600,1274.1150,1274.0600,1169912,1700
2020-04-27 14:38:00,1274.2300,1274.2000,1274.2300,1274.2000,1171320,200
2020-04-27 14:39:00,1275.7100,1274.3200,1274.7958,1275.6500,1175040,2300
2020-04-27 14:40:00,1275.5400,1275.5400,1275.5400,1275.5400,1175440,100
2020-04-27 14:41:00,1277.5200,1276.3650,1276.3975,1277.0700,1178699,2000
2020-04-27 14:42:00,1277.0800,1276.7800,1277.0800,1276.8500,1182409,1400
2020-04-27 14:43:00,1277.6000,1276.8400,1277.3800,1277.2150,1185108,1600
2020-04-27 14:44:00,1277.7100,1276.8700,1276.8700,1277.7100,1190090,2300
2020-04-27 14:45:00,1277.7900,1277.2250,1277.4700,1277.2300,1193239,2080
2020-04-27 14:46:00,1277.3700,1276.5100,1276.5100,1276.6100,1194780,800
2020-04-27 14:47:00,1277.9700,1277.4800,1277.5150,1277.5250,1196854,1400
2020-04-27 14:48:00,1277.7700,1277.5100,1277.5100,1277.7700,1197391,200
2020-04-27 14:49:00,1277.5975,1277.1700,1277.3600,1277.5021,1200214,1611
2020-04-27 14:50:00,1278.3750,1277.5800,1277.8400,1277.7200,1204108,2000
2020-04-27 14:51:00,1277.6300,1276.8600,1277.6300,1277.2325,1205458,400
2020-04-27 14:52:00,1276.9850,1275.6500,1276.7800,1275.7800,1209766,3000
2020-04-27 14:53:00,1276.1000,1275.7650,1275.8800,1276.0500,1211207,900
2020-04-27 14:54:00,1276.0200,1275.0050,1275.9100,1275.0050,1214729,1800
2020-04-27 14:55:00,1275.4100,1274.3000,1275.4100,1274.3000,1216518,1200
2020-04-27 14:56:00,1274.8300,1274.2500,1274.2500,1274.2600,1217493,600
2020-04-27 14:57:00,1275.2750,1274.4200,1274.7000,1275.1900,1221187,2200
2020-04-27 14:58:00,1275.0900,1274.5350,1275.0900,1274.6450,1223745,1300
2020-04-27 14:59:00,1275.0723,1274.4900,1275.0723,1274.6500,1224974,900
2020-04-27 15:00:00,1275.5300,1274.4625,1274.6500,1275.5300,1226414,900
2020-04-27 15:01:00,1275.4585,1275.1400,1275.1400,1275.4585,1226772,300
2020-04-27 15:02:00,1275.4205,1274.9900,1275.4150,1275.4205,1227787,425
2020-04-27 15:03:00,1275.6292,1274.1700,1274.9900,1275.6292,1231407,2450
2020-04-27 15:04:00,1275.6200,1275.0100,1275.1200,1275.3500,1233464,1285
2020-04-27 15:05:00,1275.5507,1275.0400,1275.2400,1275.0400,1235111,900
2020-04-27 15:06:00,1275.5600,1274.2800,1275.3050,1274.2800,1237829,1650
2020-04-27 15:07:00,1274.1500,1273.2800,1274.1500,1273.2800,1240480,1137
2020-04-27 15:08:00,1273.8910,1273.5500,1273.5500,1273.8910,1241483,700
2020-04-27 15:09:00,1274.0200,1273.5000,1273.9600,1273.5000,1243262,800
2020-04-27 15:10:00,1273.7588,1273.4900,1273.5000,1273.6300,1244958,500
2020-04-27 15:11:00,1274.5100,1273.4900,1273.4900,1274.5100,1247417,1000
2020-04-27 15:12:00,1275.2400,1274.4200,1274.6900,1275.1000,1250057,1508
2020-04-27 15:13:00,1275.8650,1274.9800,1275.8100,1275.3600,1253206,1000
2020-04-27 15:14:00,1275.3500,1275.3100,1275.3100,1275.3500,1253877,200
2020-04-27 15:15:00,1275.9300,1275.4900,1275.6100,1275.7050,1255864,1200
2020-04-27 15:16:00,1275.7000,1275.3000,1275.3700,1275.4300,1259580,1952
2020-04-27 15:17:00,1275.3250,1274.7000,1275.3000,1275.2450,1262926,1700
2020-04-27 15:18:00,1275.4500,1274.9750,1275.4100,1275.1000,1264196,600
2020-04-27 15:19:00,1275.3100,1274.4800,1275.1200,1274.4800,1267903,2510
2020-04-27 15:20:00,1275.4100,1274.8800,1274.8800,1275.1791,1269885,1050
2020-04-27 15:21:00,1275.8500,1275.1500,1275.3200,1275.5800,1274394,2400
2020-04-27 15:22:00,1275.6100,1275.5000,1275.5300,1275.6100,1276191,600
2020-04-27 15:23:00,1276.1100,1275.5100,1275.5100,1276.1100,1278173,1302
2020-04-27 15:24:00,1276.2250,1275.7900,1276.1600,1275.7900,1281307,1300
2020-04-27 15:25:00,1275.8200,1275.3500,1275.8200,1275.3500,1283624,500
2020-04-27 15:26:00,1275.5150,1274.9750,1275.5150,1275.3100,1286381,1724
2020-04-27 15:27:00,1275.1400,1275.0900,1275.0900,1275.1100,1287432,400
2020-04-27 15:28:00,1274.9400,1274.1800,1274.9400,1274.1800,1290747,1820
2020-04-27 15:29:00,1274.0600,1273.3800,1273.9900,1273.4850,1293848,1490
2020-04-27 15:30:00,1274.6500,1273.4850,1273.4850,1274.6500,1296899,1500
2020-04-27 15:31:00,1276.7300,1274.8400,1274.8800,1276.3500,1301224,2810
2020-04-27 15:32:00,1276.7000,1276.3350,1276.4753,1276.7000,1302908,900
2020-04-27 15:33:00,1276.3600,1275.4600,1276.3600,1275.4600,1306140,1800
2020-04-27 15:34:00,1275.9400,1275.0100,1275.3583,1275.3900,1308461,900
2020-04-27 15:35:00,1276.1400,1275.5522,1275.5522,1276.0801,1310399,1071
2020-04-27 15:36:00,1277.3100,1276.9500,1276.9980,1277.2650,1315258,2000
2020-04-27 15:37:00,1277.7600,1277.2990,1277.4300,1277.2990,1318250,1640
2020-04-27 15:38:00,1278.4450,1277.6001,1278.3700,1277.6001,1322110,2730
2020-04-27 15:39:00,1278.5500,1277.7000,1278.4000,1278.4000,1324490,700
2020-04-27 15:40:00,1278.0500,1277.2900,1278.0500,1277.2900,1326397,642
2020-04-27 15:41:00,1278.1200,1277.7600,1277.7600,1278.1200,1328075,300
2020-04-27 15:42:00,1278.6100,1278.0500,1278.0500,1278.3101,1331829,1911
2020-04-27 15:43:00,1279.1000,1278.6100,1278.8400,1278.9600,1334869,1100
2020-04-27 15:44:00,1279.1500,1278.5000,1279.0800,1278.5000,1338093,1400
2020-04-27 15:45:00,1279.6000,1278.8200,1278.8400,1279.6000,1340683,1500
2020-04-27 15:46:00,1279.5600,1278.6400,1279.5600,1278.7900,1343347,1259
2020-04-27 15:47:00,1279.2000,1278.8600,1279.0200,1278.9200,1347852,2500
2020-04-27 15:48:00,1279.0000,1278.2200,1279.0000,1278.5350,1354208,3270
2020-04-27 15:49:00,1278.7600,1278.0050,1278.3500,1278.5400,1360367,3200
2020-04-27 15:50:00,1278.9500,1277.7900,1278.7600,1278.8600,1367734,4742
2020-04-27 15:51:00,1279.5700,1275.5400,1278.9350,1277.3400,1382834,8197
2020-04-27 15:52:00,1277.2621,1276.3400,1277.2621,1276.3400,1385980,1710
2020-04-27 15:53:00,1276.0300,1275.2600,1276.0300,1275.9700,1388239,873
2020-04-27 15:54:00,1277.6400,1276.1100,1276.1100,1276.7302,1393573,2286
2020-04-27 15:55:00,1277.3800,1275.5400,1277.2500,1275.6200,1397842,2400
2020-04-27 15:56:00,1276.1600,1275.4700,1275.8200,1275.4700,1404729,4499
2020-04-27 15:57:00,1276.1100,1275.4001,1275.8000,1275.7850,1414652,4937
2020-04-27 15:58:00,1276.0000,1275.5104,1275.6001,1276.0000,1423430,4096
2020-04-27 15:59:00,1276.0000,1275.5200,1276.0000,1275.6300,1436606,7325
2020-04-27 16:00:00,1275.8800,1273.9300,1275.6400,1275.8800,1474119,24700
2020-04-28 09:31:00,1288.0500,1279.0000,1287.2800,1280.0000,50112,30302
2020-04-28 09:32:00,1280.1800,1276.3300,1279.4600,1276.3300,57448,3821
2020-04-28 09:33:00,1277.2400,1274.0300,1276.2300,1275.2050,75282,11037
2020-04-28 09:34:00,1277.3100,1273.7200,1275.4950,1277.3100,83929,5378
2020-04-28 09:35:00,1276.6992,1274.4498,1276.6900,1276.4900,91587,4342
2020-04-28 09:36:00,1276.3950,1272.5600,1275.5550,1275.0000,102834,4976
2020-04-28 09:37:00,1275.0000,1271.0000,1275.0000,1272.0200,114053,5375
2020-04-28 09:38:00,1272.1700,1269.0000,1271.3600,1272.1700,126952,7283
2020-04-28 09:39:00,1272.0200,1269.5000,1271.5200,1271.7200,141679,8944
2020-04-28 09:40:00,1272.0150,1270.5900,1271.9600,1271.0800,148148,3100
2020-04-28 09:41:00,1272.9900,1270.6800,1271.4600,1272.3450,155801,4050
2020-04-28 09:42:00,1274.0500,1271.9652,1272.4425,1272.3000,160638,2692
2020-04-28 09:43:00,1273.0000,1270.2200,1272.8800,1271.8900,170493,4315
2020-04-28 09:44:00,1272.4200,1271.0600,1271.4300,1271.8550,175525,1900
2020-04-28 09:45:00,1272.6800,1270.5500,1272.0000,1270.6400,189610,7788
2020-04-28 09:46:00,1272.1300,1271.3400,1271.4700,1272.0531,193851,2876
2020-04-28 09:47:00,1272.3600,1270.3000,1271.5800,1270.3000,202013,4474
2020-04-28 09:48:00,1271.6000,1269.9100,1270.9300,1269.9100,210553,3500
2020-04-28 09:49:00,1269.7200,1267.9900,1269.7200,1269.2100,218257,3568
2020-04-28 09:50:00,1269.0550,1267.7500,1269.0550,1268.5900,222428,1500
2020-04-28 09:51:00,1268.5850,1267.7100,1268.3750,1268.5700,228960,2205
2020-04-28 09:52:00,1269.6000,1267.5000,1268.1650,1268.2300,269198,4252
2020-04-28 09:53:00,1268.8000,1268.3265,1268.3850,1268.3700,273346,1950
2020-04-28 09:54:00,1269.8300,1268.4858,1268.5900,1269.8300,277808,1100
2020-04-28 09:55:00,1270.3250,1269.6000,1269.6200,1270.1300,287878,6551
2020-04-28 09:56:00,1270.1550,1268.5000,1270.1550,1268.7550,295162,4948
2020-04-28 09:57:00,1269.4800,1268.7300,1268.7750,1269.1500,299753,3100
2020-04-28 09:58:00,1269.5050,1268.8000,1268.8500,1268.8925,308716,5700
2020-04-28 09:59:00,1268.8800,1267.7600,1268.7500,1268.1800,313832,2400
2020-04-28 10:00:00,1267.7700,1267.1550,1267.5000,1267.1550,317690,1400
2020-04-28 10:01:00,1269.0000,1267.1200,1267.1450,1267.7648,326981,4567
2020-04-28 10:02:00,1267.4870,1265.6100,1267.2200,1267.4870,335877,4955
2020-04-28 10:03:00,1268.4300,1266.1900,1267.2500,1268.4300,343281,4525
2020-04-28 10:04:00,1268.2400,1267.2900,1268.2400,1267.9873,346688,855
2020-04-28 10:05:00,1268.9700,1267.5200,1267.8700,1268.6900,352862,3210
2020-04-28 10:06:00,1269.8200,1268.9200,1268.9700,1269.4003,356626,1450
2020-04-28 10:07:00,1269.5700,1268.8100,1269.2900,1269.5000,362664,4184
2020-04-28 10:08:00,1269.3700,1268.5000,1268.6800,1269.2750,367900,3068
2020-04-28 10:09:00,1269.3700,1266.4900,1268.8700,1266.4900,377971,5696
2020-04-28 10:10:00,1266.9200,1266.0100,1266.5615,1266.9100,380668,1200
2020-04-28 10:11:00,1266.8900,1266.2100,1266.5050,1266.3597,384195,1000
2020-04-28 10:12:00,1266.4800,1265.1800,1266.2700,1265.7900,390047,2100
2020-04-28 10:13:00,1265.8400,1264.7000,1265.8400,1264.7000,403081,9742
2020-04-28 10:14:00,1265.1050,1262.9600,1265.1050,1262.9600,409419,2549
2020-04-28 10:15:00,1262.8400,1261.5300,1262.4900,1262.4000,416113,3420
2020-04-28 10:16:00,1262.7300,1261.9200,1262.2800,1262.4650,423417,3050
2020-04-28 10:17:00,1262.4950,1261.5000,1262.4900,1261.5000,429051,2650
2020-04-28 10:18:00,1262.0000,1259.8200,1262.0000,1260.1100,439697,4629
2020-04-28 10:19:00,1260.0700,1258.5400,1260.0700,1259.1250,444891,2852
2020-04-28 10:20:00,1258.7400,1257.2000,1258.7400,1257.6250,451539,3203
2020-04-28 10:21:00,1258.0000,1256.9700,1257.5250,1256.9700,461666,4013
2020-04-28 10:22:00,1256.5800,1253.3650,1256.3500,1253.3650,472053,4743
2020-04-28 10:23:00,1254.6400,1252.9812,1253.5900,1253.4400,479043,3950
2020-04-28 10:24:00,1254.7262,1253.0100,1253.0100,1254.7262,488777,5297
2020-04-28 10:25:00,1255.7300,1253.8100,1253.8100,1255.0700,493122,1750
2020-04-28 10:26:00,1255.6000,1254.8200,1255.0700,1255.0700,496297,1350
2020-04-28 10:27:00,1258.5500,1255.5050,1255.5050,1258.5500,510852,8085
2020-04-28 10:28:00,1259.5300,1258.0050,1258.0216,1259.5300,514703,950
2020-04-28 10:29:00,1259.6898,1258.4200,1259.3300,1259.6898,525540,6200
2020-04-28 10:30:00,1260.3800,1259.0800,1259.0800,1260.0800,530404,2301
2020-04-28 10:31:00,1261.6400,1260.1276,1260.8900,1260.2100,542101,7531
2020-04-28 10:32:00,1260.5850,1259.2100,1260.1500,1260.5200,548638,3100
2020-04-28 10:33:00,1260.4839,1259.1400,1260.3100,1260.1200,553606,2100
2020-04-28 10:34:00,1260.7400,1259.0600,1260.2000,1259.4250,556294,1800
2020-04-28 10:35:00,1259.8500,1259.1000,1259.4900,1259.7500,566633,6101
2020-04-28 10:36:00,1261.8700,1259.7900,1259.7900,1261.2174,573141,4400
2020-04-28 10:37:00,1261.8600,1260.7600,1261.3802,1261.8600,577793,2840
2020-04-28 10:38:00,1261.5800,1260.8400,1261.5800,1261.2100,581105,2400
2020-04-28 10:39:00,1263.8167,1261.8600,1261.8600,1263.8167,585249,1133
2020-04-28 10:40:00,1263.8500,1262.1400,1263.5200,1262.2800,588417,1152
2020-04-28 10:41:00,1262.0700,1261.0300,1261.2200,1261.7700,592054,1700
2020-04-28 10:42:00,1261.4100,1260.7900,1261.0700,1261.4100,595578,2087
2020-04-28 10:43:00,1261.8209,1260.7700,1260.7700,1261.4900,597532,1200
2020-04-28 10:44:00,1261.2500,1259.7600,1261.2500,1259.7600,600033,800
2020-04-28 10:45:00,1258.3850,1257.8100,1258.1800,1258.3850,602692,1281
2020-04-28 10:46:00,1257.9725,1257.9025,1257.9025,1257.9725,603922,200
2020-04-28 10:47:00,1258.1000,1257.3400,1258.1000,1257.9450,606165,700
2020-04-28 10:48:00,1257.8800,1257.1900,1257.6200,1257.8800,609653,1900
2020-04-28 10:49:00,1259.6156,1257.8850,1257.8850,1258.6900,613889,1962
2020-04-28 10:50:00,1260.6700,1259.2800,1259.5900,1260.0841,618388,2670
2020-04-28 10:51:00,1260.0800,1258.7000,1260.0800,1259.8050,621290,1503
2020-04-28 10:52:00,1261.3050,1259.6250,1260.6400,1260.0000,631680,5161
2020-04-28 10:53:00,1259.2900,1258.6000,1259.2900,1258.7100,634171,700
2020-04-28 10:54:00,1258.3400,1257.0100,1258.3400,1257.9700,641038,4803
2020-04-28 10:55:00,1257.5325,1255.6800,1256.6400,1256.3150,644321,1700
2020-04-28 10:56:00,1256.4300,1254.3700,1256.2350,1256.4300,648673,1400
2020-04-28 10:58:00,1255.3300,1253.9100,1254.8900,1254.3400,659575,4851
2020-04-28 10:59:00,1255.8800,1253.8100,1255.0200,1254.0400,665922,3450
2020-04-28 11:00:00,1255.3000,1254.2900,1254.5300,1255.3000,668642,757
2020-04-28 11:01:00,1254.8300,1253.7001,1254.8100,1254.4200,671864,2100
2020-04-28 11:02:00,1255.4550,1254.2000,1254.8600,1255.0450,675685,1400
2020-04-28 11:03:00,1255.6300,1254.3300,1254.8100,1255.2400,683414,2950
2020-04-28 11:04:00,1255.5800,1254.1609,1255.1100,1254.1609,688633,3303
2020-04-28 11:05:00,1255.2450,1254.0200,1254.3350,1254.9650,696763,4235
2020-04-28 11:06:00,1255.2100,1254.5800,1255.0200,1254.9800,701998,2305
2020-04-28 11:07:00,1256.1800,1254.8600,1255.2600,1255.7500,709578,3350
2020-04-28 11:08:00,1258.2700,1255.4810,1255.4810,1258.2700,713214,1625
2020-04-28 11:09:00,1259.6100,1258.7300,1259.0400,1258.8800,716665,1602
2020-04-28 11:10:00,1259.0200,1258.1800,1259.0200,1258.9299,718427,800
2020-04-28 11:11:00,1257.7200,1256.5900,1257.7200,1256.9800,722257,1710
2020-04-28 11:12:00,1256.8600,1255.7700,1256.2800,1255.7700,724121,776
2020-04-28 11:13:00,1256.5600,1255.2200,1255.5000,1256.5600,727330,1400
2020-04-28 11:14:00,1257.1300,1256.0200,1257.0000,1256.3200,731125,1300
2020-04-28 11:15:00,1256.7600,1255.6500,1255.6500,1255.7300,732557,550
2020-04-28 11:16:00,1256.7800,1256.2500,1256.5700,1256.3900,734656,900
2020-04-28 11:17:00,1256.4564,1255.8100,1256.4564,1255.8100,735948,219
2020-04-28 11:18:00,1256.2679,1253.5000,1255.5500,1254.6850,740494,2500
2020-04-28 11:19:00,1254.3700,1253.4600,1254.3700,1254.1900,742253,689
2020-04-28 11:20:00,1254.7500,1253.5600,1254.1250,1254.3800,746426,1600
2020-04-28 11:21:00,1254.4850,1252.0000,1254.0701,1252.0000,753745,3847
2020-04-28 11:22:00,1252.8200,1251.2100,1252.2700,1252.7000,759710,2171
2020-04-28 11:23:00,1253.0405,1252.5996,1252.5996,1253.0405,760741,596
2020-04-28 11:24:00,1253.4300,1252.0300,1252.5700,1253.4300,762818,1036
2020-04-28 11:25:00,1253.8591,1253.0500,1253.0500,1253.8591,766177,1200
2020-04-28 11:26:00,1254.6750,1254.0201,1254.3200,1254.6750,768330,1200
2020-04-28 11:27:00,1254.9700,1254.0650,1254.0650,1254.6600,771828,1029
2020-04-28 11:28:00,1256.0000,1256.0000,1256.0000,1256.0000,772554,100
2020-04-28 11:29:00,1257.5710,1255.9400,1255.9400,1257.3750,775503,1247
2020-04-28 11:30:00,1258.1550,1256.8175,1257.8400,1256.8175,780919,2518
2020-04-28 11:31:00,1257.2100,1256.2000,1256.2000,1257.0000,784904,1198
2020-04-28 11:32:00,1257.4400,1257.4100,1257.4100,1257.4400,786881,300
2020-04-28 11:33:00,1258.5000,1258.2400,1258.2400,1258.5000,788354,300
2020-04-28 11:34:00,1259.0355,1258.3600,1258.3600,1258.7603,790073,400
2020-04-28 11:35:00,1259.6200,1258.3700,1259.0600,1259.6200,792689,900
2020-04-28 11:36:00,1259.7000,1259.1294,1259.2300,1259.7000,797629,1910
2020-04-28 11:37:00,1259.7800,1259.4900,1259.7800,1259.6400,798161,300
2020-04-28 11:38:00,1259.6700,1258.0000,1259.4100,1258.5600,802722,2145
2020-04-28 11:39:00,1258.8899,1257.5100,1258.8899,1257.6500,806999,1900
2020-04-28 11:40:00,1258.8900,1256.7800,1257.2200,1258.3840,812719,3339
2020-04-28 11:41:00,1258.3615,1257.8900,1258.3000,1258.3615,814313,500
2020-04-28 11:42:00,1258.7300,1258.0500,1258.2250,1258.4500,816224,1500
2020-04-28 11:43:00,1258.3000,1257.9500,1258.0100,1258.3000,817425,500
2020-04-28 11:44:00,1257.6100,1256.6200,1257.1950,1256.9850,820046,900
2020-04-28 11:45:00,1257.7400,1256.5700,1256.5700,1257.0500,825780,2760
2020-04-28 11:46:00,1258.6500,1257.7000,1257.7000,1258.5000,827921,1207
2020-04-28 11:47:00,1257.9400,1256.2000,1257.7000,1257.0107,829214,900
2020-04-28 11:48:00,1257.4543,1256.6300,1256.9200,1256.6300,830706,933
2020-04-28 11:49:00,1257.0000,1255.2500,1256.3300,1255.9800,835991,2900
2020-04-28 11:50:00,1256.3500,1255.9727,1256.3500,1256.2300,838219,1300
2020-04-28 11:51:00,1255.6700,1254.1600,1255.6700,1254.2400,841359,1400
2020-04-28 11:52:00,1254.1450,1253.4000,1254.0800,1254.1450,843698,1100
2020-04-28 11:53:00,1254.6300,1253.7700,1253.7700,1254.4200,846034,937
2020-04-28 11:54:00,1254.3647,1253.7300,1254.3647,1254.1050,848543,750
2020-04-28 11:55:00,1254.0900,1252.8100,1254.0900,1252.8100,851375,1500
2020-04-28 11:56:00,1254.1700,1252.6500,1253.0550,1253.3000,859921,5357
2020-04-28 11:57:00,1254.0200,1253.0000,1254.0000,1253.2600,868263,6650
2020-04-28 11:58:00,1254.6725,1253.0000,1253.2200,1254.6725,873426,2656
2020-04-28 11:59:00,1254.7100,1251.4700,1254.7100,1252.1000,878006,1800
2020-04-28 12:00:00,1252.3000,1251.5524,1251.8000,1251.8000,880436,1300
2020-04-28 12:01:00,1253.6100,1251.9450,1252.2100,1253.1000,885753,2350
2020-04-28 12:02:00,1254.5250,1253.1800,1254.5250,1253.1800,891461,4100
2020-04-28 12:03:00,1252.3300,1251.1550,1252.3300,1251.1550,895464,1550
2020-04-28 12:04:00,1251.1350,1250.1000,1251.0000,1250.7050,898814,2150
2020-04-28 12:05:00,1251.6400,1250.1000,1250.1000,1251.6400,903902,2850
2020-04-28 12:06:00,1252.1599,1251.3200,1251.4150,1251.4000,906520,1508
2020-04-28 12:07:00,1253.7700,1251.4250,1251.9600,1253.6200,913533,3863
2020-04-28 12:08:00,1255.1600,1253.9680,1254.1100,1254.2000,916580,1563
2020-04-28 12:09:00,1255.3250,1254.7400,1254.7500,1254.8100,918540,1400
2020-04-28 12:10:00,1255.1650,1254.6700,1255.1600,1254.6700,921085,900
2020-04-28 12:11:00,1255.0300,1254.4700,1254.4700,1255.0100,924231,1000
2020-04-28 12:12:00,1255.0800,1254.2700,1254.4300,1254.4400,927565,1700
2020-04-28 12:13:00,1254.3500,1253.3950,1254.2050,1253.3950,930954,2101
2020-04-28 12:14:00,1254.2000,1253.2100,1253.5800,1253.4163,935999,1766
2020-04-28 12:15:00,1254.1299,1253.5101,1253.8150,1253.9300,938690,2000
2020-04-28 12:16:00,1253.3400,1251.0000,1253.2900,1251.3400,944737,3479
2020-04-28 12:17:00,1251.6000,1250.3700,1250.7900,1250.5300,948491,1300
2020-04-28 12:18:00,1250.9700,1247.9700,1250.9600,1248.8600,968484,11256
2020-04-28 12:19:00,1249.4600,1246.1100,1248.8600,1246.1100,974422,3251
2020-04-28 12:20:00,1246.7650,1245.7200,1246.0300,1246.7650,984212,6310
2020-04-28 12:21:00,1249.2599,1246.4701,1247.1400,1248.9600,988952,2400
2020-04-28 12:22:00,1249.1097,1248.4200,1248.7700,1248.9200,992787,1709
2020-04-28 12:23:00,1248.3600,1246.9600,1248.3600,1246.9600,993956,300
2020-04-28 12:24:00,1246.9200,1245.1000,1246.9200,1245.8000,997195,1060
2020-04-28 12:25:00,1246.4900,1244.7800,1245.7700,1245.1500,1004015,3150
2020-04-28 12:26:00,1245.9000,1244.8200,1245.6800,1244.8850,1008650,2265
2020-04-28 12:27:00,1245.9000,1245.0300,1245.7700,1245.1307,1013300,2303
2020-04-28 12:28:00,1246.8400,1244.7625,1244.7625,1246.3687,1019951,5022
2020-04-28 12:29:00,1246.8700,1246.0200,1246.0200,1246.8700,1021905,600
2020-04-28 12:30:00,1247.3700,1246.4900,1246.7300,1247.2000,1023723,800
2020-04-28 12:31:00,1247.3500,1246.1600,1246.9400,1247.3500,1027859,2600
2020-04-28 12:32:00,1247.4100,1246.2000,1247.1900,1246.2000,1034031,3055
2020-04-28 12:33:00,1247.0500,1246.2100,1246.4750,1247.0500,1036243,900
2020-04-28 12:34:00,1248.7300,1247.2050,1247.2300,1248.7200,1039849,1500
2020-04-28 12:35:00,1250.5300,1249.1000,1249.8200,1250.5300,1045528,1431
2020-04-28 12:36:00,1251.5800,1249.8500,1250.3700,1251.5800,1049025,1603
2020-04-28 12:37:00,1251.6700,1251.0000,1251.4600,1251.0000,1050875,612
2020-04-28 12:38:00,1250.6750,1249.8400,1250.6750,1249.9850,1054701,1400
2020-04-28 12:39:00,1250.6400,1249.5400,1249.6800,1250.6400,1064119,8000
2020-04-28 12:40:00,1250.7500,1249.1100,1250.1900,1250.3000,1065875,900
2020-04-28 12:41:00,1251.0050,1249.5800,1249.5800,1251.0050,1069048,1000
2020-04-28 12:42:00,1251.1000,1249.4700,1250.6800,1249.4700,1073439,2300
2020-04-28 12:43:00,1250.0000,1248.2100,1250.0000,1248.2100,1075959,1100
2020-04-28 12:44:00,1250.5200,1247.8800,1247.8800,1250.5200,1078979,1204
2020-04-28 12:45:00,1249.7000,1249.0100,1249.7000,1249.0100,1080742,700
2020-04-28 12:46:00,1249.9900,1248.1697,1249.3500,1248.1697,1083676,1506
2020-04-28 12:47:00,1249.0300,1247.3600,1248.0127,1249.0300,1088766,2430
2020-04-28 12:48:00,1249.0300,1248.0700,1248.2500,1249.0300,1091488,1900
2020-04-28 12:49:00,1249.7600,1247.7275,1248.7500,1248.5200,1095037,1910
2020-04-28 12:50:00,1248.4800,1247.7000,1248.3300,1248.1950,1098732,1900
2020-04-28 12:51:00,1248.3400,1247.3000,1248.0700,1247.3000,1105390,2225
2020-04-28 12:52:00,1247.3000,1246.3300,1247.1700,1246.9000,1109227,1600
2020-04-28 12:53:00,1247.2200,1246.6300,1246.8325,1247.2200,1115241,4050
2020-04-28 12:54:00,1247.1000,1246.8875,1247.1000,1247.0600,1116842,1000
2020-04-28 12:55:00,1247.3000,1245.7400,1247.0850,1245.7400,1124224,4205
2020-04-28 12:56:00,1246.8300,1245.4600,1245.4900,1246.2700,1136477,9209
2020-04-28 12:57:00,1248.8508,1246.8700,1246.8700,1248.7500,1139213,1500
2020-04-28 12:58:00,1248.6100,1247.4000,1248.6100,1247.8400,1143364,1600
2020-04-28 12:59:00,1247.2400,1245.6600,1247.2400,1246.4300,1146537,1000
2020-04-28 13:00:00,1246.6400,1246.2800,1246.5400,1246.5800,1150377,1400
2020-04-28 13:01:00,1247.0900,1246.4800,1246.6188,1246.7838,1155082,2400
2020-04-28 13:02:00,1248.1100,1246.7600,1247.0700,1248.1100,1159210,1410
2020-04-28 13:03:00,1248.8099,1247.9300,1248.7900,1248.1157,1163021,1300
2020-04-28 13:04:00,1250.2400,1248.1600,1248.1600,1249.4300,1166766,1320
2020-04-28 13:05:00,1250.3100,1249.7400,1250.0029,1250.2300,1174515,5685
2020-04-28 13:06:00,1250.1442,1247.4500,1250.0000,1247.5200,1181865,2563
2020-04-28 13:07:00,1248.2693,1247.5300,1247.8050,1248.1000,1183785,700
2020-04-28 13:08:00,1248.4250,1248.0000,1248.1309,1248.1700,1186228,1300
2020-04-28 13:09:00,1247.9700,1247.2100,1247.8800,1247.9400,1188421,1245
2020-04-28 13:10:00,1247.9400,1247.0000,1247.8200,1247.3900,1191569,1799
2020-04-28 13:11:00,1247.5500,1246.6100,1247.0600,1247.5500,1196440,3000
2020-04-28 13:12:00,1247.7400,1246.9000,1247.0261,1247.4700,1200804,2600
2020-04-28 13:13:00,1247.5600,1247.0600,1247.2650,1247.5600,1202696,800
2020-04-28 13:14:00,1247.4800,1247.2450,1247.4800,1247.2450,1204329,500
2020-04-28 13:15:00,1247.3600,1245.9829,1247.3600,1246.5400,1209482,2542
2020-04-28 13:16:00,1247.3450,1246.3600,1246.8400,1246.9600,1212681,2050
2020-04-28 13:17:00,1247.6500,1247.0074,1247.6500,1247.0074,1213826,500
2020-04-28 13:18:00,1247.5200,1246.9700,1247.0000,1246.9700,1217479,1529
2020-04-28 13:19:00,1247.7799,1246.6300,1247.0200,1247.0400,1218793,900
2020-04-28 13:20:00,1247.3842,1247.1200,1247.2150,1247.2800,1221068,800
2020-04-28 13:21:00,1250.7300,1247.0100,1247.2700,1250.0100,1230061,5174
2020-04-28 13:22:00,1250.0044,1249.2250,1249.7400,1249.2250,1233295,2050
2020-04-28 13:23:00,1249.9800,1249.1500,1249.9800,1249.1750,1237324,2500
2020-04-28 13:24:00,1249.6400,1248.0800,1249.2500,1248.0800,1242457,2650
2020-04-28 13:25:00,1248.2900,1248.2300,1248.2900,1248.2300,1242905,200
2020-04-28 13:26:00,1248.9700,1246.9600,1248.6152,1247.0000,1247562,2172
2020-04-28 13:27:00,1247.5700,1247.0300,1247.0300,1247.0800,1249965,1466
2020-04-28 13:28:00,1247.8200,1247.1100,1247.6700,1247.6500,1252653,1020
2020-04-28 13:29:00,1247.6100,1247.0000,1247.0700,1247.2400,1255224,986
2020-04-28 13:30:00,1247.1200,1246.0000,1247.1200,1246.0600,1258273,1400
2020-04-28 13:31:00,1246.4300,1245.5000,1246.0100,1245.5000,1261348,1955
2020-04-28 13:32:00,1245.8850,1245.0100,1245.5400,1245.0100,1263392,1299
2020-04-28 13:33:00,1246.7985,1245.2032,1245.7823,1246.4200,1267104,1525
2020-04-28 13:34:00,1246.7800,1245.5600,1246.7800,1245.5600,1269781,800
2020-04-28 13:35:00,1246.9500,1246.2300,1246.2700,1246.9500,1272124,953
2020-04-28 13:36:00,1246.7761,1245.7100,1246.7761,1246.5400,1273463,600
2020-04-28 13:37:00,1246.5200,1245.8200,1246.2100,1245.8200,1277510,2003
2020-04-28 13:38:00,1246.6212,1245.8200,1245.8200,1245.9600,1278621,784
2020-04-28 13:39:00,1247.6100,1246.2400,1246.2400,1246.6554,1282532,1800
2020-04-28 13:40:00,1246.7600,1245.0000,1246.7300,1245.0600,1289732,3400
2020-04-28 13:41:00,1245.8500,1244.5850,1244.7200,1245.8500,1295256,2115
2020-04-28 13:42:00,1245.9900,1244.5000,1245.9000,1244.9600,1300624,3000
2020-04-28 13:43:00,1246.0000,1244.6000,1245.5000,1245.0500,1305208,2315
2020-04-28 13:44:00,1245.2480,1244.1000,1245.0300,1244.7700,1310887,1900
2020-04-28 13:45:00,1245.5700,1244.3000,1245.1400,1244.6300,1318298,3969
2020-04-28 13:46:00,1245.1000,1244.8700,1244.9800,1244.9300,1321327,1429
2020-04-28 13:47:00,1246.5500,1244.6200,1244.6200,1246.0000,1331538,7500
2020-04-28 13:48:00,1246.3200,1245.2800,1245.9300,1245.7300,1336692,3050
2020-04-28 13:49:00,1245.6099,1244.3900,1245.0400,1244.7800,1340712,1798
2020-04-28 13:50:00,1244.4072,1243.0000,1244.1200,1243.8150,1348897,2363
2020-04-28 13:51:00,1243.8100,1243.7950,1243.8100,1243.7950,1350207,200
2020-04-28 13:52:00,1243.8400,1243.5500,1243.5500,1243.8400,1354347,300
2020-04-28 13:53:00,1243.8500,1242.6200,1243.6350,1243.2700,1358034,1318
2020-04-28 13:54:00,1243.5000,1243.2100,1243.2100,1243.5000,1358931,300
2020-04-28 13:55:00,1244.4700,1243.4850,1243.4850,1244.4700,1361293,500
2020-04-28 13:56:00,1244.2050,1244.2050,1244.2050,1244.2050,1361960,100
2020-04-28 13:57:00,1245.4100,1244.0000,1244.2600,1244.8352,1365374,780
2020-04-28 13:58:00,1245.0350,1244.3938,1244.6650,1244.6500,1368440,915
2020-04-28 13:59:00,1244.7600,1243.8100,1244.6100,1243.8100,1372146,1870
2020-04-28 14:00:00,1244.0400,1243.2700,1243.9900,1243.7400,1374640,1450
2020-04-28 14:01:00,1245.0000,1244.4602,1244.6450,1244.9350,1378408,2423
2020-04-28 14:02:00,1245.7850,1244.5300,1245.0000,1244.8868,1386151,4800
2020-04-28 14:03:00,1245.2050,1244.5100,1245.0000,1245.2050,1387445,600
2020-04-28 14:04:00,1245.0074,1244.5300,1244.8600,1245.0074,1389023,500
2020-04-28 14:05:00,1246.0000,1244.7400,1244.7400,1245.3200,1394008,2300
2020-04-28 14:06:00,1246.6400,1245.8000,1245.8000,1246.3000,1395947,1300
2020-04-28 14:07:00,1246.1850,1245.8700,1245.8700,1245.9658,1398153,885
2020-04-28 14:08:00,1246.3400,1246.1200,1246.1800,1246.1200,1399845,300
2020-04-28 14:09:00,1246.8800,1246.1000,1246.4500,1246.3358,1402225,1100
2020-04-28 14:10:00,1246.8600,1246.0300,1246.8600,1246.0300,1407257,2400
2020-04-28 14:11:00,1246.5700,1246.0000,1246.1200,1246.0000,1410624,1850
2020-04-28 14:12:00,1246.0050,1245.6000,1246.0050,1245.6000,1412223,530
2020-04-28 14:13:00,1246.2500,1245.8075,1246.0700,1246.1100,1414001,1250
2020-04-28 14:14:00,1246.7000,1245.8000,1245.8420,1246.7000,1418819,1600
2020-04-28 14:15:00,1246.7300,1246.3250,1246.7300,1246.3250,1419358,200
2020-04-28 14:16:00,1247.4800,1246.7600,1246.7600,1247.4300,1423109,1830
2020-04-28 14:17:00,1248.0425,1247.0000,1247.4900,1247.0000,1428937,3653
2020-04-28 14:18:00,1247.5278,1246.6100,1247.0100,1246.9050,1433391,3520
2020-04-28 14:19:00,1247.5900,1246.7700,1246.7750,1247.5900,1435995,1400
2020-04-28 14:20:00,1248.2000,1247.5000,1247.5000,1248.0000,1438776,1206
2020-04-28 14:21:00,1248.5300,1247.9700,1247.9700,1248.1200,1440854,1000
2020-04-28 14:22:00,1249.0700,1248.0200,1248.5096,1249.0700,1444870,1636
2020-04-28 14:23:00,1248.9700,1247.7144,1248.7200,1247.7144,1447085,1300
2020-04-28 14:24:00,1248.8000,1248.1100,1248.2100,1248.2500,1449105,1150
2020-04-28 14:25:00,1249.1500,1248.2800,1248.2850,1249.1000,1456239,4490
2020-04-28 14:26:00,1249.0700,1248.7300,1248.7300,1249.0700,1457264,420
2020-04-28 14:27:00,1249.3000,1248.7501,1248.9800,1249.3000,1459712,900
2020-04-28 14:28:00,1249.4139,1248.5283,1249.1050,1248.5350,1463910,1784
2020-04-28 14:29:00,1248.5500,1247.9594,1248.2350,1248.5500,1468869,2600
2020-04-28 14:30:00,1249.0300,1248.1900,1248.4100,1249.0100,1473008,1900
2020-04-28 14:31:00,1249.6300,1248.9500,1249.0100,1249.6300,1477137,2499
2020-04-28 14:32:00,1249.6300,1248.7400,1248.9600,1248.7500,1481686,2400
2020-04-28 14:33:00,1248.9132,1247.5200,1248.8100,1247.7100,1486385,2560
2020-04-28 14:34:00,1249.0400,1247.3600,1248.5299,1248.0848,1491416,3100
2020-04-28 14:35:00,1248.1900,1247.5500,1248.0900,1248.0000,1496027,3200
2020-04-28 14:36:00,1248.1050,1246.6200,1247.7050,1246.6200,1501374,3487
2020-04-28 14:37:00,1246.8100,1244.3900,1246.5600,1244.3900,1507792,3070
2020-04-28 14:38:00,1245.8000,1244.3900,1244.3900,1245.7350,1511870,2438
2020-04-28 14:39:00,1245.8100,1245.1978,1245.5300,1245.3500,1514287,1350
2020-04-28 14:40:00,1246.9100,1245.7800,1245.7800,1246.4500,1518131,1859
2020-04-28 14:41:00,1247.2100,1246.1300,1246.1300,1247.2100,1525146,5034
2020-04-28 14:42:00,1247.2400,1246.4900,1247.2400,1246.6400,1528339,1500
2020-04-28 14:43:00,1247.0553,1246.1900,1246.1900,1246.2900,1530463,1538
2020-04-28 14:44:00,1246.7950,1246.2400,1246.7468,1246.2400,1531712,880
2020-04-28 14:45:00,1246.6080,1245.6000,1246.6080,1245.6100,1535580,2130
2020-04-28 14:46:00,1245.8500,1245.1400,1245.3400,1245.6046,1541788,4214
2020-04-28 14:47:00,1246.5350,1245.3500,1245.8400,1246.2100,1545516,2500
2020-04-28 14:48:00,1246.4300,1245.3000,1246.3900,1246.2000,1554493,7462
2020-04-28 14:49:00,1246.5000,1245.6200,1246.1200,1245.9650,1556714,1226
2020-04-28 14:50:00,1247.0900,1245.5200,1246.0900,1247.0900,1566455,6912
2020-04-28 14:51:00,1247.7599,1246.8115,1247.7599,1247.3050,1568903,1597
2020-04-28 14:52:00,1247.5000,1246.7747,1247.5000,1246.7747,1571010,500
2020-04-28 14:53:00,1246.1700,1244.4200,1246.1200,1244.4200,1575057,1550
2020-04-28 14:54:00,1245.2400,1244.4200,1245.1450,1245.2400,1576688,570
2020-04-28 14:55:00,1244.7000,1244.4100,1244.4100,1244.5250,1578482,846
2020-04-28 14:56:00,1244.1575,1243.8700,1244.1500,1244.0350,1581213,1400
2020-04-28 14:57:00,1244.4600,1242.2700,1244.0500,1242.3700,1590511,6150
2020-04-28 14:58:00,1243.3500,1242.7100,1243.0200,1242.7500,1594138,1400
2020-04-28 14:59:00,1243.8000,1242.4300,1242.7900,1243.8000,1597173,1077
2020-04-28 15:00:00,1244.5450,1243.0500,1243.4500,1244.5450,1600327,1539
2020-04-28 15:01:00,1244.8700,1244.2000,1244.4400,1244.6150,1603863,1820
2020-04-28 15:02:00,1245.5659,1244.3900,1244.6300,1245.4400,1609483,3200
2020-04-28 15:03:00,1245.4900,1245.2100,1245.2400,1245.2150,1612040,1287
2020-04-28 15:04:00,1245.3981,1243.3616,1245.3981,1243.3616,1616096,2055
2020-04-28 15:05:00,1243.2800,1241.7800,1242.5300,1243.2800,1623204,3986
2020-04-28 15:06:00,1243.6800,1242.7200,1243.6800,1242.7200,1626123,1152
2020-04-28 15:07:00,1242.9650,1241.7800,1242.9650,1242.4750,1629832,2333
2020-04-28 15:08:00,1243.7490,1242.5650,1242.8000,1243.7490,1635202,2274
2020-04-28 15:09:00,1243.6600,1242.6900,1242.8900,1243.1700,1638337,1415
2020-04-28 15:10:00,1243.7200,1242.6500,1242.6500,1243.3896,1640113,800
2020-04-28 15:11:00,1243.3700,1242.0800,1243.1250,1243.0000,1643350,1800
2020-04-28 15:12:00,1243.2100,1242.1000,1243.2100,1242.6450,1646314,2150
2020-04-28 15:13:00,1243.0000,1242.0700,1242.6250,1242.0700,1650665,3093
2020-04-28 15:14:00,1243.0000,1242.0701,1242.2900,1242.8600,1656129,3693
2020-04-28 15:15:00,1243.0200,1241.7100,1242.7694,1241.9150,1661606,3570
2020-04-28 15:16:00,1242.8100,1240.6400,1241.5400,1240.6400,1667835,2900
2020-04-28 15:17:00,1241.3000,1240.3100,1240.4800,1241.0500,1675381,5280
2020-04-28 15:18:00,1241.1600,1239.5250,1241.1600,1240.0100,1689200,7300
2020-04-28 15:19:00,1240.0350,1239.1800,1239.4323,1240.0100,1694123,2471
2020-04-28 15:20:00,1240.6400,1239.4500,1240.0267,1240.6400,1696909,1700
2020-04-28 15:21:00,1245.0000,1240.4500,1240.4500,1241.8350,1707389,5253
2020-04-28 15:22:00,1240.7700,1239.0000,1240.7700,1239.2800,1712018,1900
2020-04-28 15:23:00,1238.7700,1237.7400,1238.4000,1238.7000,1716788,2645
2020-04-28 15:24:00,1239.2100,1238.0000,1238.5862,1239.2100,1721059,2267
2020-04-28 15:25:00,1240.0000,1239.0500,1239.0500,1239.6200,1727836,4010
2020-04-28 15:26:00,1240.0850,1238.5500,1240.0000,1238.5500,1733237,3368
2020-04-28 15:27:00,1240.0000,1238.6100,1238.6100,1239.8700,1737759,2985
2020-04-28 15:28:00,1241.7032,1239.8936,1239.9200,1241.0450,1742054,2964
2020-04-28 15:29:00,1241.7000,1240.3900,1240.3900,1241.3300,1744920,1650
2020-04-28 15:30:00,1242.8100,1241.3000,1241.9937,1242.8100,1748225,1636
2020-04-28 15:31:00,1242.5900,1239.9700,1242.2000,1240.0500,1767152,14236
2020-04-28 15:32:00,1240.9399,1240.0000,1240.9399,1240.4125,1771940,3500
2020-04-28 15:33:00,1240.7800,1240.2500,1240.7600,1240.4250,1784470,8250
2020-04-28 15:34:00,1240.5596,1238.5100,1240.5000,1238.9700,1792646,3941
2020-04-28 15:35:00,1238.8000,1238.2101,1238.8000,1238.6700,1794515,600
2020-04-28 15:36:00,1239.8300,1238.5600,1238.9800,1238.5950,1803977,4813
2020-04-28 15:37:00,1240.1300,1238.4125,1238.9800,1240.1300,1809208,2489
2020-04-28 15:38:00,1240.2000,1238.7900,1240.0275,1239.3571,1814899,3720
2020-04-28 15:39:00,1240.9700,1239.5813,1239.5813,1240.8150,1825891,7417
2020-04-28 15:40:00,1241.9900,1240.6100,1240.8250,1241.7150,1839366,9157
2020-04-28 15:41:00,1241.9500,1240.5800,1241.3400,1240.9200,1849441,7122
2020-04-28 15:42:00,1241.3800,1240.5889,1240.9150,1240.9050,1861227,7800
2020-04-28 15:43:00,1240.9000,1240.1000,1240.6500,1240.5200,1869185,3700
2020-04-28 15:44:00,1240.9700,1239.5100,1240.9700,1239.8333,1876167,2985
2020-04-28 15:45:00,1240.8200,1239.6100,1239.6100,1240.6691,1885987,6025
2020-04-28 15:46:00,1240.8300,1238.6001,1240.8300,1238.9750,1896458,4936
2020-04-28 15:47:00,1238.8200,1237.5000,1238.8200,1237.7500,1910338,7080
2020-04-28 15:48:00,1238.0060,1236.2600,1237.8500,1236.5850,1923594,6125
2020-04-28 15:49:00,1238.0100,1236.2000,1236.5850,1236.2000,1937377,8226
2020-04-28 15:50:00,1236.4300,1234.5600,1236.2800,1234.5600,1962461,15894
2020-04-28 15:51:00,1236.0000,1233.0100,1234.2000,1235.9700,1982206,11376
2020-04-28 15:52:00,1236.5800,1235.2100,1235.6550,1235.2100,1997373,9322
2020-04-28 15:53:00,1236.2800,1234.0800,1235.4700,1234.9548,2022348,16296
2020-04-28 15:54:00,1235.6600,1233.8800,1234.7000,1235.1550,2052540,20671
2020-04-28 15:55:00,1235.3700,1232.8200,1235.1100,1234.0600,2086323,20836
2020-04-28 15:56:00,1235.4500,1233.6300,1234.0000,1235.1100,2114179,16706
2020-04-28 15:57:00,1236.6800,1235.1400,1235.2900,1236.6800,2135070,13142
2020-04-28 15:58:00,1237.4500,1236.4900,1236.7700,1237.1600,2159725,14538
2020-04-28 15:59:00,1237.1700,1236.0300,1237.0500,1236.3083,2197326,23147
2020-04-28 16:00:00,1236.5700,1232.2000,1236.3600,1233.0000,2248706,22914