2020-04-27 09:31:00,738.0000,735.0000,737.3600,737.5700,380240,151524
2020-04-27 09:32:00,742.0700,735.7000,737.9060,742.0000,540283,105799
2020-04-27 09:33:00,748.6200,739.9150,741.3880,747.8500,746689,149442
2020-04-27 09:34:00,749.9700,746.2900,747.7035,747.6500,906536,106841
2020-04-27 09:35:00,747.6400,744.8450,747.3100,746.2600,989996,53256
2020-04-27 09:36:00,753.0000,745.6900,745.7900,752.6526,1156675,105592
2020-04-27 09:37:00,757.0547,750.1600,752.7359,756.1087,1363177,142431
2020-04-27 09:38:00,760.0000,756.3300,756.3900,759.0276,1580978,142797
2020-04-27 09:39:00,763.4944,757.6155,759.0800,761.6498,1781472,127245
2020-04-27 09:40:00,761.7700,757.6300,761.5403,758.6850,1907111,84949
2020-04-27 09:41:00,760.8600,756.5000,759.1662,757.3250,2026806,76202
2020-04-27 09:42:00,757.7900,756.1200,757.7000,757.6650,2081172,31223
2020-04-27 09:43:00,765.1000,757.6950,757.8900,763.5450,2292454,135681
2020-04-27 09:44:00,767.2900,761.1400,763.4650,765.6266,2447445,109587
2020-04-27 09:45:00,765.6499,762.1400,765.6499,762.5627,2546799,63817
2020-04-27 09:46:00,765.4350,760.5005,762.5550,765.3850,2681054,80814
2020-04-27 09:47:00,766.0000,762.4800,765.5100,764.8718,2753663,44501
2020-04-27 09:48:00,769.7900,761.7100,765.0300,769.4400,2883234,80638
2020-04-27 09:49:00,774.8900,769.1250,769.7700,773.7000,3150100,171439
2020-04-27 09:50:00,779.3590,772.7171,773.4200,779.3092,3397460,150087
2020-04-27 09:51:00,779.0900,773.1010,778.6550,774.9500,3540237,91295
2020-04-27 09:52:00,779.8500,773.2580,775.2600,777.4400,3658435,74283
2020-04-27 09:53:00,786.8300,777.2740,777.8600,785.0000,3902102,159011
2020-04-27 09:54:00,784.8900,781.0000,784.7300,783.2472,4036843,89620
2020-04-27 09:55:00,785.3704,781.5100,783.2760,781.6650,4162356,83994
2020-04-27 09:56:00,788.6700,781.8300,781.8300,784.1292,4307507,88002
2020-04-27 09:57:00,787.0000,783.6100,783.6900,786.3114,4417016,66325
2020-04-27 09:58:00,790.3000,786.1100,786.4400,790.3000,4597025,117822
2020-04-27 09:59:00,790.0000,785.0000,790.0000,786.1600,4724190,86830
2020-04-27 10:00:00,788.0800,783.3762,786.0521,784.0000,4841787,80328
2020-04-27 10:01:00,784.6626,778.0700,784.4901,778.6905,4982723,81678
2020-04-27 10:02:00,780.8799,778.0000,779.5384,778.7141,5117578,92923
2020-04-27 10:03:00,783.9900,777.3180,778.4413,782.7800,5231108,73256
2020-04-27 10:04:00,785.0000,781.6522,782.6500,782.0118,5315182,55470
2020-04-27 10:05:00,783.6200,781.7200,782.2096,783.6200,5361537,30603
2020-04-27 10:06:00,783.9865,780.0100,782.8001,781.3100,5423443,42661
2020-04-27 10:07:00,782.4699,779.1200,781.9050,779.3574,5469793,26669
2020-04-27 10:08:00,780.4200,778.7100,779.3600,780.4200,5523250,29434
2020-04-27 10:09:00,783.6798,780.4800,780.5500,783.6198,5608378,57320
2020-04-27 10:10:00,786.0000,782.8900,783.2508,785.7263,5717506,71430
2020-04-27 10:11:00,786.0000,782.2800,785.6618,782.4000,5796022,50585
2020-04-27 10:12:00,788.8800,782.4200,782.5904,788.8800,5912355,75341
2020-04-27 10:13:00,791.1000,787.0700,788.5725,788.0000,6085514,105833
2020-04-27 10:14:00,797.0700,787.7821,787.9750,796.5000,6291151,129651
2020-04-27 10:15:00,798.0000,794.0000,796.9956,797.5400,6440940,101243
2020-04-27 10:16:00,798.3500,794.5450,797.6641,795.6400,6597014,98700
2020-04-27 10:17:00,799.4400,795.1800,795.6700,797.2900,6731378,86796
2020-04-27 10:18:00,797.6000,795.5046,796.8776,796.5300,6814745,50955
2020-04-27 10:19:00,799.4900,794.7700,796.4634,797.3150,6942020,80075
2020-04-27 10:20:00,797.3900,792.2300,797.1450,796.1548,7061469,75842
2020-04-27 10:21:00,798.8800,795.0500,796.8100,796.3350,7140307,49615
2020-04-27 10:22:00,797.0000,794.2400,796.1250,796.3900,7237779,63315
2020-04-27 10:23:00,796.6550,792.0000,796.3518,792.5515,7344421,81161
2020-04-27 10:24:00,792.5300,789.2571,792.3440,790.7900,7466600,77560
2020-04-27 10:25:00,790.8300,787.9400,790.8300,788.4101,7545523,46461
2020-04-27 10:26:00,790.5000,788.0400,789.1800,788.1300,7619137,47252
2020-04-27 10:27:00,791.6047,788.3800,788.4099,788.7100,7726498,76359
2020-04-27 10:28:00,789.9200,786.7000,789.3550,789.9200,7877443,114002
2020-04-27 10:29:00,793.9999,788.3500,789.3900,793.8791,7957097,51577
2020-04-27 10:30:00,795.1100,792.1300,793.8050,794.3416,8042026,56325
2020-04-27 10:31:00,796.0000,793.0001,793.6800,794.2700,8113619,47396
2020-04-27 10:32:00,795.1800,792.1000,794.9200,792.6300,8162526,28097
2020-04-27 10:33:00,793.4400,791.7500,793.0650,792.0800,8200839,24299
2020-04-27 10:34:00,792.2614,790.5100,792.2614,790.5100,8235923,19204
2020-04-27 10:35:00,790.7500,789.0000,790.7500,790.3250,8292159,36305
2020-04-27 10:36:00,790.2552,787.1000,789.9600,789.0000,8341405,27201
2020-04-27 10:37:00,790.9600,788.0300,789.0700,790.3500,8389082,29009
2020-04-27 10:38:00,792.8000,790.3917,790.4856,790.9364,8441525,34574
2020-04-27 10:39:00,793.3100,790.8537,790.8537,792.5125,8479003,23293
2020-04-27 10:40:00,792.0000,789.0500,792.0000,791.5096,8512772,19419
2020-04-27 10:41:00,793.3100,790.6000,791.5300,792.8100,8553857,24742
2020-04-27 10:42:00,792.7600,791.3300,792.4900,791.7084,8580014,18111
2020-04-27 10:43:00,791.9700,790.0500,791.4000,790.4200,8602901,12426
2020-04-27 10:44:00,791.8100,789.0000,790.4200,791.3900,8641336,24399
2020-04-27 10:45:00,792.3600,790.1800,790.8800,790.5700,8680852,25879
2020-04-27 10:46:00,790.5500,788.2301,790.4193,788.2301,8728416,28840
2020-04-27 10:47:00,788.7750,786.3900,788.7750,787.4400,8781793,29728
2020-04-27 10:48:00,788.6000,785.9200,787.4096,787.2500,8842547,39612
2020-04-27 10:49:00,788.3074,786.0000,787.8228,787.1501,8878616,22117
2020-04-27 10:50:00,791.0000,787.0100,787.3900,789.6600,8931812,33049
2020-04-27 10:51:00,791.0000,789.4300,789.4300,790.1700,8971961,25402
2020-04-27 10:52:00,790.8000,789.0300,790.0697,789.0300,9004753,20161
2020-04-27 10:53:00,789.7246,788.0100,789.2146,788.7500,9037326,21334
2020-04-27 10:54:00,789.9999,788.7700,788.7900,788.8700,9069433,22047
2020-04-27 10:55:00,789.2700,787.2600,788.8700,787.9900,9100828,17778
2020-04-27 10:56:00,787.9900,785.2950,787.9900,786.5900,9157007,38874
2020-04-27 10:57:00,786.5526,785.1000,786.4500,785.6500,9187512,18272
2020-04-27 10:58:00,788.1800,785.6100,785.8629,785.7550,9222316,23903
2020-04-27 10:59:00,786.7600,783.9100,785.7600,784.9852,9278731,35825
2020-04-27 11:00:00,784.8885,783.2100,784.6101,783.8000,9331139,34305
2020-04-27 11:01:00,786.4700,783.6968,783.8036,786.1300,9375358,28811
2020-04-27 11:02:00,786.2499,783.6700,786.0041,786.1276,9410695,22542
2020-04-27 11:03:00,787.9900,786.0400,786.0400,787.7900,9459421,31343
2020-04-27 11:04:00,789.1830,787.3900,787.4200,788.4200,9521813,41418
2020-04-27 11:05:00,790.0000,788.2600,788.4200,789.2653,9592146,49776
2020-04-27 11:06:00,789.4495,786.2465,789.3200,786.2465,9638060,28786
2020-04-27 11:07:00,786.4074,783.7700,786.0800,784.4800,9677235,25509
2020-04-27 11:08:00,785.8900,783.4900,784.9538,784.2537,9715970,25386
2020-04-27 11:09:00,786.4999,783.9750,783.9750,785.5783,9755175,29036
2020-04-27 11:10:00,786.3500,785.2800,785.4122,785.8800,9779680,17580
2020-04-27 11:11:00,786.2900,784.8243,786.2658,784.8437,9805001,16737
2020-04-27 11:12:00,785.9047,784.0900,784.9101,784.7725,9833221,20741
2020-04-27 11:13:00,786.0000,784.0000,784.7127,785.9000,9860442,18190
2020-04-27 11:14:00,787.0000,785.0001,785.6668,786.4350,9900451,25626
2020-04-27 11:15:00,786.6614,784.3500,786.5475,784.8290,9927973,19634
2020-04-27 11:16:00,787.3300,785.2100,785.2100,786.3100,9961464,20940
2020-04-27 11:17:00,786.5700,784.9500,786.1000,785.6673,9990249,19300
2020-04-27 11:18:00,785.5700,783.5600,785.5700,784.3301,10022280,20028
2020-04-27 11:19:00,785.7500,784.7000,784.7299,785.3097,10046259,16435
2020-04-27 11:20:00,787.7100,785.3537,785.3537,787.6700,10082051,20492
2020-04-27 11:21:00,788.4298,786.3101,787.5714,788.0818,10128744,32465
2020-04-27 11:22:00,788.2300,786.5600,787.9378,787.1702,10151991,15506
2020-04-27 11:23:00,788.8000,787.2200,787.2600,788.2300,10179811,15503
2020-04-27 11:24:00,788.0000,786.3300,788.0000,786.8000,10200410,13355
2020-04-27 11:25:00,787.9900,786.6755,786.6909,787.0000,10250542,15361
2020-04-27 11:26:00,789.8300,787.0000,787.0032,789.0500,10291970,25054
2020-04-27 11:27:00,789.0150,787.0000,789.0150,787.9084,10320848,19938
2020-04-27 11:28:00,791.2000,787.9550,788.0350,791.0800,10395375,45757
2020-04-27 11:29:00,793.9900,791.0300,791.1186,793.9900,10509149,73979
2020-04-27 11:30:00,794.0000,791.2200,793.5500,793.6067,10563390,34065
2020-04-27 11:31:00,795.4500,792.7506,793.3400,793.3545,10652924,59973
2020-04-27 11:32:00,793.4200,791.9200,793.2530,793.1400,10681202,17837
2020-04-27 11:33:00,794.5900,792.5300,793.2300,792.7600,10725499,27846
2020-04-27 11:34:00,794.4500,792.6528,792.6528,794.1900,10768779,28883
2020-04-27 11:35:00,795.5300,793.5100,794.0340,794.6302,10827592,42753
2020-04-27 11:36:00,795.0799,791.8301,794.7554,792.5404,10888106,44908
2020-04-27 11:37:00,792.7083,790.5400,792.7083,790.7800,10927066,24914
2020-04-27 11:38:00,792.1198,790.9050,791.0250,791.1164,10960865,23004
2020-04-27 11:39:00,791.8299,790.4010,791.0800,791.1400,10986151,17901
2020-04-27 11:40:00,793.0000,791.3130,791.4540,792.2202,11018496,22587
2020-04-27 11:41:00,792.3883,790.5600,792.3883,791.2450,11077722,49914
2020-04-27 11:42:00,791.8099,790.5800,791.2350,791.6700,11093159,8981
2020-04-27 11:43:00,792.3000,791.0901,791.7958,792.3000,11109557,9405
2020-04-27 11:44:00,793.3899,791.6700,791.7736,791.8891,11152607,29653
2020-04-27 11:45:00,792.4063,791.3200,791.6900,792.2123,11174969,15135
2020-04-27 11:46:00,792.7400,788.5000,792.3650,790.1570,11233568,36884
2020-04-27 11:47:00,790.7700,787.2800,789.8800,787.7200,11275989,25003
2020-04-27 11:48:00,788.4500,787.3500,787.5700,787.5001,11298827,14170
2020-04-27 11:49:00,787.6751,785.7272,787.5300,786.7437,11333180,21983
2020-04-27 11:50:00,787.4500,785.7400,786.6600,787.0000,11367865,21043
2020-04-27 11:51:00,787.8099,786.1700,786.7100,786.9270,11407611,28781
2020-04-27 11:52:00,786.8300,785.2426,786.5000,785.5457,11444961,26432
2020-04-27 11:53:00,785.8320,783.7510,785.5450,784.4380,11492277,30260
2020-04-27 11:54:00,787.2450,784.5364,784.5364,787.2450,11530091,26759
2020-04-27 11:55:00,788.5600,786.6900,787.0252,787.4900,11574263,32260
2020-04-27 11:56:00,789.0000,787.3000,787.5099,787.9499,11611123,27856
2020-04-27 11:57:00,788.7600,786.8017,788.1600,787.8492,11640315,19993
2020-04-27 11:58:00,788.0000,786.4900,787.7875,786.7734,11661465,14679
2020-04-27 11:59:00,787.9800,786.6198,786.6500,787.6710,11675634,7599
2020-04-27 12:00:00,788.8242,787.0200,787.2800,788.6100,11701214,16102
2020-04-27 12:01:00,789.0000,787.0100,788.4200,787.1200,11750097,37909
2020-04-27 12:02:00,787.2900,785.2046,787.1198,785.2046,11777266,18174
2020-04-27 12:03:00,786.3700,785.0000,785.6027,785.4600,11820087,30849
2020-04-27 12:04:00,785.7260,784.3300,785.3700,785.0938,11854829,24139
2020-04-27 12:05:00,784.9900,782.3400,784.9900,782.8500,11903618,29108
2020-04-27 12:06:00,784.4700,782.8500,783.1422,784.0511,11950260,34851
2020-04-27 12:07:00,785.2700,783.8000,784.2400,784.7055,11972212,13513
2020-04-27 12:08:00,786.2100,784.7901,785.0000,785.1372,12004198,23866
2020-04-27 12:09:00,786.3800,785.1668,785.1668,785.9699,12015716,7528
2020-04-27 12:10:00,786.0099,785.0000,785.7908,785.5000,12028922,8057
2020-04-27 12:11:00,786.3399,784.8007,785.8390,784.8007,12048233,12962
2020-04-27 12:12:00,785.8780,784.2800,784.8300,785.0801,12063867,8924
2020-04-27 12:13:00,786.9700,784.7707,785.0000,786.3450,12083778,12799
2020-04-27 12:14:00,786.7802,785.0000,786.5200,785.2600,12109160,18939
2020-04-27 12:15:00,787.4999,785.3050,785.3050,787.4999,12131914,15764
2020-04-27 12:16:00,789.2300,786.5600,787.2400,789.2300,12192169,44532
2020-04-27 12:17:00,789.4587,788.0000,789.2100,788.2089,12241488,38075
2020-04-27 12:18:00,790.3000,788.3700,788.3700,789.0401,12289870,32336
2020-04-27 12:19:00,789.0500,787.9123,789.0400,788.7590,12324975,18567
2020-04-27 12:20:00,790.0000,788.3400,788.6200,789.3300,12352589,18708
2020-04-27 12:21:00,789.7099,788.3700,789.7099,788.8325,12362959,7478
2020-04-27 12:22:00,789.7562,788.2000,788.8800,789.5509,12375856,7370
2020-04-27 12:23:00,789.6849,788.0030,789.3700,788.0030,12389838,8300
2020-04-27 12:24:00,789.6699,787.5900,788.2828,789.6085,12416038,16618
2020-04-27 12:25:00,790.0000,788.8730,789.3597,789.5454,12435995,11811
2020-04-27 12:26:00,790.6900,788.5001,789.6600,788.5001,12474879,27683
2020-04-27 12:27:00,790.4999,788.7514,788.7514,790.2633,12505717,19459
2020-04-27 12:28:00,791.8737,790.0000,790.0054,791.7200,12543199,26372
2020-04-27 12:29:00,791.7631,790.0000,791.7631,790.8423,12571791,19769
2020-04-27 12:30:00,791.4381,790.4900,790.6826,790.9900,12591696,13853
2020-04-27 12:31:00,792.9800,791.2500,791.2500,792.5873,12644102,38310
2020-04-27 12:32:00,793.0000,791.5700,792.5950,792.7532,12680003,26946
2020-04-27 12:33:00,793.4900,792.2201,792.8270,793.0000,12721779,32698
2020-04-27 12:34:00,793.2599,791.6184,793.2599,791.6700,12747913,19871
2020-04-27 12:35:00,791.9900,791.0000,791.9900,791.3300,12771405,16784
2020-04-27 12:36:00,792.6500,791.6935,791.9600,792.1850,12797180,19438
2020-04-27 12:37:00,792.3700,789.5000,792.3700,789.6650,12833190,24705
2020-04-27 12:38:00,789.7200,788.6500,789.5000,788.8922,12866631,20888
2020-04-27 12:39:00,789.1200,788.1100,788.9750,788.2500,12889510,13392
2020-04-27 12:40:00,788.4300,787.1645,788.3600,788.4300,12917641,16737
2020-04-27 12:41:00,789.3900,781.4001,788.4409,785.0923,13095488,127633
2020-04-27 12:42:00,785.4700,780.0500,785.3200,783.5624,13224792,92762
2020-04-27 12:43:00,785.0000,782.7200,783.5350,783.9852,13265356,28184
2020-04-27 12:44:00,784.0100,781.4301,784.0100,781.4301,13304150,26078
2020-04-27 12:45:00,784.9900,781.5600,781.5600,784.1400,13346588,26134
2020-04-27 12:46:00,784.1500,781.3000,784.1500,781.7000,13389517,27234
2020-04-27 12:47:00,784.5300,781.6900,781.9900,782.5000,13428829,27253
2020-04-27 12:48:00,785.5000,782.0700,782.2600,784.6300,13475961,34823
2020-04-27 12:49:00,786.4900,784.3400,784.5700,785.2700,13528415,39145
2020-04-27 12:50:00,786.0000,784.4100,785.2101,785.3800,13566932,27132
2020-04-27 12:51:00,785.4399,784.6000,785.1612,785.2824,13592848,17087
2020-04-27 12:52:00,785.3300,782.5200,784.9801,783.0000,13634321,27111
2020-04-27 12:53:00,783.1100,780.5100,782.7200,782.2400,13688487,36328
2020-04-27 12:54:00,784.0000,781.8000,782.1200,781.9998,13731582,28904
2020-04-27 12:55:00,782.4999,780.7900,782.3800,781.5250,13809453,68410
2020-04-27 12:56:00,784.7300,781.5300,781.6004,783.9482,13848670,26509
2020-04-27 12:57:00,784.3999,783.0000,783.8450,783.6591,13878323,20667
2020-04-27 12:58:00,783.7150,782.1000,783.6628,782.9890,13903175,16938
2020-04-27 12:59:00,782.8150,781.7400,782.8150,782.3999,13917597,6788
2020-04-27 13:00:00,782.8000,780.9150,782.4200,782.5448,13941774,15729
2020-04-27 13:01:00,782.9500,782.0000,782.7699,782.1900,13963350,17017
2020-04-27 13:02:00,782.8000,780.3300,782.4500,781.0300,14002682,29365
2020-04-27 13:03:00,782.5000,780.6100,781.2550,781.2100,14021034,10459
2020-04-27 13:04:00,781.7000,779.8000,781.4999,780.6710,14100221,56263
2020-04-27 13:05:00,783.7699,780.6800,780.7298,782.9327,14155609,40247
2020-04-27 13:06:00,783.8800,782.0700,783.1999,783.8800,14179505,16461
2020-04-27 13:07:00,784.4800,782.9500,783.3802,784.0738,14209655,22551
2020-04-27 13:08:00,784.9500,783.8636,784.0000,784.9500,14237319,19226
2020-04-27 13:09:00,785.9900,784.1400,784.9464,784.5300,14288395,31127
2020-04-27 13:10:00,786.0000,784.3750,784.5299,785.9500,14315989,18926
2020-04-27 13:11:00,785.9400,785.0200,785.8429,785.3200,14337369,14999
2020-04-27 13:12:00,785.0200,784.1401,785.0200,784.6870,14353608,11717
2020-04-27 13:13:00,785.4000,784.5385,784.9600,785.1599,14369508,10887
2020-04-27 13:14:00,785.9000,784.1600,784.4546,784.2060,14387110,13715
2020-04-27 13:15:00,784.7650,783.6246,784.5052,784.0387,14403235,11256
2020-04-27 13:16:00,784.3900,783.6900,784.1299,784.0000,14415543,8246
2020-04-27 13:17:00,785.0000,783.6701,784.0000,784.5200,14442990,21781
2020-04-27 13:18:00,785.9900,784.7000,784.9700,785.3482,14467669,17567
2020-04-27 13:19:00,785.5609,784.3501,785.1800,785.1400,14486868,14547
2020-04-27 13:20:00,785.0612,783.7000,784.5800,783.9435,14503829,12242
2020-04-27 13:21:00,784.2400,782.7000,784.1677,782.7000,14523789,13901
2020-04-27 13:22:00,783.7700,782.3800,782.6000,783.4734,14539141,8508
2020-04-27 13:23:00,784.6900,783.5800,783.6050,783.8000,14554694,10874
2020-04-27 13:24:00,783.9800,783.0100,783.7800,783.1151,14564546,5599
2020-04-27 13:25:00,782.9897,782.1200,782.8639,782.7100,14578842,8850
2020-04-27 13:26:00,783.8299,782.6000,782.7564,783.7500,14596319,13072
2020-04-27 13:27:00,785.1183,783.6913,783.6913,785.1183,14621909,15530
2020-04-27 13:28:00,787.3600,785.0501,785.2500,787.0100,14676129,35526
2020-04-27 13:29:00,787.2000,785.7300,786.9900,786.5485,14711203,24831
2020-04-27 13:30:00,787.2300,786.4500,786.6200,786.7650,14734604,17001
2020-04-27 13:31:00,786.9900,785.5481,786.5400,786.8650,14755481,13680
2020-04-27 13:32:00,787.2000,786.5000,786.9900,786.9650,14780961,18241
2020-04-27 13:33:00,786.9712,784.8200,786.9712,785.2562,14805625,17113
2020-04-27 13:34:00,785.4000,784.4900,785.4000,784.8500,14824027,14043
2020-04-27 13:35:00,785.0000,784.4600,784.7534,784.8423,14837406,9075
2020-04-27 13:36:00,785.8800,783.4500,784.8160,783.7236,14867455,22416
2020-04-27 13:37:00,785.5000,783.5200,783.5200,784.8100,14879885,8237
2020-04-27 13:38:00,785.8800,784.5000,784.7760,785.5200,14902853,17315
2020-04-27 13:39:00,785.9499,785.0000,785.8500,785.2741,14918462,11021
2020-04-27 13:40:00,785.7899,784.8600,785.0100,785.2500,14931504,8549
2020-04-27 13:41:00,785.5000,784.4917,785.2350,784.8800,14945237,10113
2020-04-27 13:42:00,784.6000,784.0500,784.5500,784.0600,14953057,4387
2020-04-27 13:43:00,784.1996,782.5000,784.1988,782.5600,14977194,14831
2020-04-27 13:44:00,784.0100,782.2000,782.6500,783.6165,15005442,19572
2020-04-27 13:45:00,783.8800,782.5000,783.5500,782.7400,15025004,10656
2020-04-27 13:46:00,784.4999,782.3600,783.0000,784.4999,15043502,12087
2020-04-27 13:47:00,784.8299,783.4240,783.6000,784.4292,15058537,8502
2020-04-27 13:48:00,785.5000,784.3200,784.3872,784.6214,15079775,14239
2020-04-27 13:49:00,785.0000,784.1600,784.1600,784.3980,15090151,7352
2020-04-27 13:50:00,784.6500,783.8814,784.5899,784.2446,15096518,3710
2020-04-27 13:51:00,785.3500,784.2200,784.3200,784.9801,15111658,10036
2020-04-27 13:52:00,786.5599,785.2313,785.2313,785.7800,15149149,23335
2020-04-27 13:53:00,787.0000,785.3343,786.0922,787.0000,15174143,15314
2020-04-27 13:54:00,787.0100,785.8601,786.6345,786.2900,15189480,10330
2020-04-27 13:55:00,786.9800,785.8100,786.2313,786.6000,15208956,13557
2020-04-27 13:56:00,788.0000,786.6000,786.6563,787.1932,15252551,31368
2020-04-27 13:57:00,787.9449,786.9520,787.0000,787.6600,15268789,11034
2020-04-27 13:58:00,787.7700,786.5700,787.5601,786.6200,15290463,14384
2020-04-27 13:59:00,787.5000,785.6930,786.6200,787.1760,15317127,17370
2020-04-27 14:00:00,787.6800,786.8000,787.0500,787.6800,15334514,11619
2020-04-27 14:01:00,789.3400,787.6634,787.8799,788.5600,15382652,31675
2020-04-27 14:02:00,789.0000,787.6500,788.5507,788.0120,15405784,14141
2020-04-27 14:03:00,788.7401,787.6500,788.1888,787.7950,15421115,9518
2020-04-27 14:04:00,788.0250,787.5000,787.7350,787.7900,15435964,8980
2020-04-27 14:05:00,787.6000,786.3401,787.6000,786.5411,15455333,12637
2020-04-27 14:06:00,787.4199,786.1900,786.3700,786.2600,15471308,10233
2020-04-27 14:07:00,787.4000,786.5800,786.7700,786.8513,15483224,7556
2020-04-27 14:08:00,787.2500,786.5001,786.7800,787.0788,15498783,10925
2020-04-27 14:09:00,788.0000,786.9400,786.9900,787.9800,15514547,10070
2020-04-27 14:10:00,788.4100,787.3772,787.7328,787.8958,15536867,14790
2020-04-27 14:11:00,789.2300,787.7300,787.7893,788.3300,15567874,21315
2020-04-27 14:12:00,788.8200,788.0300,788.3300,788.8200,15586978,12366
2020-04-27 14:13:00,788.8200,788.1100,788.8200,788.2411,15598830,8350
2020-04-27 14:14:00,788.4100,787.6001,788.0000,788.3200,15615045,10088
2020-04-27 14:15:00,788.2350,787.6690,788.1500,787.6900,15626673,7762
2020-04-27 14:16:00,787.8200,787.1696,787.8200,787.1696,15640552,9536
2020-04-27 14:17:00,789.9500,787.1600,787.1600,789.0700,15690359,35095
2020-04-27 14:18:00,790.2500,789.0700,789.2599,789.6700,15731360,23513
2020-04-27 14:19:00,790.3300,789.0700,789.7800,789.0700,15761364,17062
2020-04-27 14:20:00,790.2299,789.1775,789.2900,789.9834,15800437,24176
2020-04-27 14:21:00,792.6000,789.6700,789.8600,792.1500,15896573,70472
2020-04-27 14:22:00,793.8000,792.2600,792.5000,793.4984,15974301,52954
2020-04-27 14:23:00,794.8000,793.1000,793.2200,794.1900,16039650,47370
2020-04-27 14:24:00,794.3600,792.0100,794.1200,792.7300,16097950,42029
2020-04-27 14:25:00,793.8900,792.6900,792.7300,793.4795,16132338,22966
2020-04-27 14:26:00,794.0000,792.5401,793.3913,793.1850,16163217,19877
2020-04-27 14:27:00,793.2453,792.0000,793.2098,792.7560,16183119,12090
2020-04-27 14:28:00,793.1900,792.1400,792.7649,793.1900,16203455,11438
2020-04-27 14:29:00,793.7685,793.0100,793.1172,793.0300,16223041,12766
2020-04-27 14:30:00,793.3450,792.3011,793.1020,792.5500,16246873,18106
2020-04-27 14:31:00,792.9900,791.2800,792.5500,791.9900,16269343,13183
2020-04-27 14:32:00,792.9200,791.6500,791.9900,792.6810,16287470,11969
2020-04-27 14:33:00,793.4000,792.4200,792.9000,792.6999,16312445,16515
2020-04-27 14:34:00,793.0000,791.5600,792.8300,792.2257,16330673,11715
2020-04-27 14:35:00,792.2510,790.1500,792.2510,790.7300,16355425,15908
2020-04-27 14:36:00,791.4700,790.5800,790.8016,791.2769,16376712,9391
2020-04-27 14:37:00,792.0832,790.9700,791.3346,791.4683,16391715,8640
2020-04-27 14:38:00,792.2162,791.3100,791.4141,792.2000,16409100,12679
2020-04-27 14:39:00,793.4900,792.1001,792.2000,793.0600,16448357,26415
2020-04-27 14:40:00,793.4900,792.4600,793.1700,793.1860,16466369,12437
2020-04-27 14:41:00,794.9500,793.3373,793.4000,794.9500,16507733,25561
2020-04-27 14:42:00,794.9800,793.1300,794.7750,794.3008,16555103,32400
2020-04-27 14:43:00,794.4099,793.1400,794.4099,793.6385,16579507,17353
2020-04-27 14:44:00,793.8000,792.0000,793.6208,792.7683,16600769,11421
2020-04-27 14:45:00,795.5500,793.0300,793.2000,793.5550,16674351,50079
2020-04-27 14:46:00,794.4199,793.6800,793.6800,794.2000,16693566,12086
2020-04-27 14:47:00,794.8437,793.8600,794.2000,794.7500,16718046,16425
2020-04-27 14:48:00,796.1000,794.5001,794.7500,795.6750,16775711,38025
2020-04-27 14:49:00,796.7200,795.3700,795.5501,796.3243,16820984,30571
2020-04-27 14:50:00,797.9900,796.2216,796.4000,797.2100,16902259,58090
2020-04-27 14:51:00,797.2176,794.6622,797.1500,795.6200,16957112,37387
2020-04-27 14:52:00,795.5999,794.0600,795.2502,794.2567,16992204,22529
2020-04-27 14:53:00,796.0000,794.0927,794.4599,795.6000,17021869,18673
2020-04-27 14:54:00,795.8640,794.9000,795.6600,794.9000,17040424,11869
2020-04-27 14:55:00,795.6250,794.4500,794.9500,795.3500,17064106,14845
2020-04-27 14:56:00,795.5900,794.8000,795.4145,795.0550,17075777,7385
2020-04-27 14:57:00,796.2800,795.0000,795.2700,795.0000,17106264,19751
2020-04-27 14:58:00,795.4746,794.5300,795.4000,794.9650,17125557,12839
2020-04-27 14:59:00,795.6800,794.8700,795.1410,794.9558,17146028,14162
2020-04-27 15:00:00,794.7900,793.6100,794.7900,794.4621,17172408,18177
2020-04-27 15:01:00,794.9599,794.0000,794.6600,794.2000,17183824,7613
2020-04-27 15:02:00,794.9600,793.8100,794.0500,794.9600,17202981,12905
2020-04-27 15:03:00,795.0168,793.2201,794.9900,793.4900,17240309,24213
2020-04-27 15:04:00,794.7300,792.7700,793.7400,794.4600,17276660,22120
2020-04-27 15:05:00,794.7400,794.0900,794.6700,794.2750,17291498,9381
2020-04-27 15:06:00,794.4700,793.3700,794.0100,793.5255,17302220,5046
2020-04-27 15:07:00,793.8500,791.0580,793.8500,791.1100,17337789,23691
2020-04-27 15:08:00,792.1600,790.5500,791.0000,790.8838,17373946,25003
2020-04-27 15:09:00,791.0300,788.8915,790.9700,788.9000,17430278,36000
2020-04-27 15:10:00,789.6600,786.9100,789.0603,786.9600,17475943,29167
2020-04-27 15:11:00,789.1100,787.2279,787.3798,788.6600,17525478,34148
2020-04-27 15:12:00,790.2600,788.5000,788.6624,790.1200,17568861,31497
2020-04-27 15:13:00,790.0000,788.2700,790.0000,788.4387,17593395,15076
2020-04-27 15:14:00,790.0900,788.2301,788.5899,790.0000,17626661,25162
2020-04-27 15:15:00,791.2200,790.0000,790.0000,790.7200,17665370,24549
2020-04-27 15:16:00,792.5899,790.3300,790.5700,791.6700,17707820,30461
2020-04-27 15:17:00,791.7260,790.5400,791.6700,791.4600,17728185,12524
2020-04-27 15:18:00,792.5000,791.5400,791.6996,791.5400,17766305,27328
2020-04-27 15:19:00,792.1666,790.5400,791.5100,791.6340,17791761,14870
2020-04-27 15:20:00,792.9400,791.3300,791.3300,792.9298,17814925,13967
2020-04-27 15:21:00,794.1500,792.5300,792.8300,792.7750,17874230,39820
2020-04-27 15:22:00,793.1500,792.0260,792.5100,792.4701,17897952,14863
2020-04-27 15:23:00,793.1303,791.8900,792.5700,792.0500,17917986,11060
2020-04-27 15:24:00,792.8268,791.5000,792.0350,791.7750,17942014,15183
2020-04-27 15:25:00,791.5850,790.0000,791.5500,790.6650,17970192,16863
2020-04-27 15:26:00,790.8300,789.2800,790.8300,790.1700,17990570,10688
2020-04-27 15:27:00,791.0900,790.2200,790.3500,790.7773,18015765,16496
2020-04-27 15:28:00,791.0000,789.5400,790.7400,790.0832,18043893,18848
2020-04-27 15:29:00,790.6800,788.8100,790.1800,788.9800,18064118,11030
2020-04-27 15:30:00,790.0000,789.0400,789.2600,789.7750,18086764,15680
2020-04-27 15:31:00,790.9900,789.6000,789.6000,790.6270,18125074,25866
2020-04-27 15:32:00,792.9400,790.6100,790.6150,792.4400,18173479,33055
2020-04-27 15:33:00,792.6800,791.8359,792.4100,792.0000,18190760,9707
2020-04-27 15:34:00,793.1500,791.8200,791.8701,792.9037,18224197,20896
2020-04-27 15:35:00,793.4500,792.1000,792.8500,793.0201,18258575,20547
2020-04-27 15:36:00,794.3200,793.0400,793.0400,794.3200,18307034,32668
2020-04-27 15:37:00,794.2100,793.6300,794.1100,793.8400,18338579,20357
2020-04-27 15:38:00,794.7698,793.6248,793.6248,794.6950,18371867,22803
2020-04-27 15:39:00,795.9300,794.5000,794.6400,795.1450,18458110,56953
2020-04-27 15:40:00,795.4700,793.8400,795.2100,794.2542,18489138,18381
2020-04-27 15:41:00,795.0000,793.6500,794.1400,794.9239,18516158,14690
2020-04-27 15:42:00,795.0000,794.1800,794.7700,794.9100,18538080,12748
2020-04-27 15:43:00,795.5000,794.5200,794.9800,794.9358,18567111,16519
2020-04-27 15:44:00,795.7499,794.7301,794.7752,795.3400,18604862,23880
2020-04-27 15:45:00,795.4700,794.2300,795.4700,794.8800,18639011,21228
2020-04-27 15:46:00,795.2100,793.6500,794.8388,793.8300,18671417,19028
2020-04-27 15:47:00,794.2899,793.0800,793.6600,793.0800,18697475,14904
2020-04-27 15:48:00,794.0600,792.8600,793.1610,794.0600,18730893,20870
2020-04-27 15:49:00,795.4579,793.8000,793.8000,795.0500,18779135,30596
2020-04-27 15:50:00,797.3698,795.2100,795.2700,796.7900,18866229,53323
2020-04-27 15:51:00,797.3800,794.6200,797.1300,795.0650,18933103,35878
2020-04-27 15:52:00,795.8099,795.0156,795.2070,795.1569,18966786,20246
2020-04-27 15:53:00,795.9200,795.0083,795.1100,795.2770,19017306,30660
2020-04-27 15:54:00,796.0000,795.1200,795.2303,795.8400,19059405,23444
2020-04-27 15:55:00,797.5000,795.8300,796.0000,797.5000,19147089,56001
2020-04-27 15:56:00,797.7599,796.5000,797.5000,797.3200,19227590,50825
2020-04-27 15:57:00,797.8200,796.6800,797.3150,797.2100,19294290,37119
2020-04-27 15:58:00,798.4800,797.1300,797.1784,798.3630,19393388,58496
2020-04-27 15:59:00,799.0000,798.0800,798.2300,798.6658,19529487,91213
2020-04-27 16:00:00,799.0000,798.0000,798.6400,798.9200,19696529,105958
2020-04-28 09:31:00,805.0000,795.3000,795.5100,800.1400,873581,333094
2020-04-28 09:32:00,801.6300,792.2100,800.2900,792.2101,1030334,109740
2020-04-28 09:33:00,799.9150,792.0000,792.6300,796.7900,1147261,79496
2020-04-28 09:34:00,797.0999,793.3100,796.8100,795.3500,1230926,56570
2020-04-28 09:35:00,796.3300,793.0000,795.7450,795.1278,1330333,69932
2020-04-28 09:36:00,800.3600,794.8301,795.4100,797.8400,1463377,83797
2020-04-28 09:37:00,798.6100,795.3100,797.7900,797.5788,1528522,42810
2020-04-28 09:38:00,797.7600,787.2600,797.1700,791.9200,1682044,94088
2020-04-28 09:39:00,791.9200,787.0005,791.5384,787.0005,1762493,51832
2020-04-28 09:40:00,789.3200,785.0800,787.2964,787.3600,1881534,78144
2020-04-28 09:41:00,790.7800,787.2800,787.3300,788.3759,1973077,64374
2020-04-28 09:42:00,788.7200,783.5500,788.7200,786.5500,2086926,75296
2020-04-28 09:43:00,788.2719,782.4500,786.3400,783.3400,2164802,52635
2020-04-28 09:44:00,784.5900,781.5000,783.4900,784.3869,2270576,71151
2020-04-28 09:45:00,787.0000,782.1800,783.7947,782.1800,2358389,63757
2020-04-28 09:46:00,786.9500,782.0000,782.5500,785.1750,2454701,71221
2020-04-28 09:47:00,788.5800,785.0000,785.4050,785.8650,2530109,52775
2020-04-28 09:48:00,786.0000,783.7000,785.5000,783.9450,2584343,34725
2020-04-28 09:49:00,785.0000,783.1308,784.2700,783.5100,2625567,27525
2020-04-28 09:50:00,784.1300,778.3600,783.5400,779.4765,2768851,91096
2020-04-28 09:51:00,780.8499,776.0000,779.9600,777.2100,2875301,65016
2020-04-28 09:52:00,780.3760,775.8000,777.1470,779.0830,2991828,80484
2020-04-28 09:53:00,779.7300,775.9430,779.3800,775.9560,3055275,42425
2020-04-28 09:54:00,777.6100,774.1147,776.2000,777.2000,3182445,85753
2020-04-28 09:55:00,779.0000,776.5702,777.0100,777.3450,3248478,44611
2020-04-28 09:56:00,779.0000,776.7100,777.4700,778.3800,3304761,38171
2020-04-28 09:57:00,780.7700,778.5600,778.5700,779.1200,3386853,54756
2020-04-28 09:58:00,779.5300,777.0900,779.2750,778.3700,3431317,28494
2020-04-28 09:59:00,779.9900,778.1001,778.3800,778.9140,3482519,33390
2020-04-28 10:00:00,779.0260,774.5400,778.9800,775.7950,3565608,56117
2020-04-28 10:01:00,779.1600,775.9450,776.1900,777.4600,3625043,41363
2020-04-28 10:02:00,778.6300,775.7700,777.2300,778.2200,3683170,42562
2020-04-28 10:03:00,782.8000,778.3000,778.6400,782.1850,3793872,79774
2020-04-28 10:04:00,782.3825,779.0000,782.2000,780.1200,3864114,48606
2020-04-28 10:05:00,783.9047,779.9756,780.4000,783.8600,3950706,62300
2020-04-28 10:06:00,784.7500,782.2000,783.6950,783.3382,4015265,43979
2020-04-28 10:07:00,783.5865,781.3200,783.5865,782.3500,4064979,33886
2020-04-28 10:08:00,783.0000,780.4100,782.3132,780.7033,4112479,31651
2020-04-28 10:09:00,781.4000,778.5500,780.9400,778.6630,4151919,25224
2020-04-28 10:10:00,780.8338,777.3901,778.6421,780.5488,4210582,43925
2020-04-28 10:11:00,780.7000,778.1200,780.5500,778.6000,4244987,23742
2020-04-28 10:12:00,779.7900,778.5300,778.5300,779.7900,4269002,16538
2020-04-28 10:13:00,782.3000,779.5200,779.7234,782.2700,4327888,43099
2020-04-28 10:14:00,782.4400,780.5800,782.3000,781.5000,4374396,33584
2020-04-28 10:15:00,781.9400,778.9200,781.5409,779.4584,4423697,35822
2020-04-28 10:16:00,780.2766,777.5500,779.4150,779.9146,4476860,36629
2020-04-28 10:17:00,780.5600,779.0201,780.2200,779.4700,4500206,15038
2020-04-28 10:18:00,781.5400,779.8000,779.8000,780.5189,4539568,28170
2020-04-28 10:19:00,780.7679,778.0000,780.7679,778.2100,4582154,29309
2020-04-28 10:20:00,778.7133,773.0400,778.4000,773.2575,4696059,73430
2020-04-28 10:21:00,774.0300,770.5000,773.1692,773.7350,4794869,69022
2020-04-28 10:22:00,774.9200,772.2500,773.2700,772.4100,4853834,41457
2020-04-28 10:23:00,773.4352,770.1500,772.2390,770.1900,4915734,41969
2020-04-28 10:24:00,770.5700,767.6100,770.2600,769.1664,5044701,81818
2020-04-28 10:25:00,769.4300,764.8800,769.0900,768.6400,5150367,68911
2020-04-28 10:26:00,770.5000,767.9900,767.9900,770.2230,5216146,47694
2020-04-28 10:27:00,773.7000,770.5200,770.8800,772.7746,5296350,57389
2020-04-28 10:28:00,773.1300,771.2499,772.6350,772.4373,5349810,36493
2020-04-28 10:29:00,773.0000,771.1002,772.3288,771.3583,5394966,31994
2020-04-28 10:30:00,771.5400,768.5600,771.1100,771.3700,5468336,53127
2020-04-28 10:31:00,774.0400,771.2708,771.2708,772.5200,5534271,46195
2020-04-28 10:32:00,773.6000,772.0801,772.2983,772.8116,5575334,27534
2020-04-28 10:33:00,773.1099,770.1600,773.1099,770.8001,5605754,21012
2020-04-28 10:34:00,771.3999,769.8100,771.2726,771.0309,5649645,30078
2020-04-28 10:35:00,772.5000,770.5900,770.9600,772.2982,5673811,14854
2020-04-28 10:36:00,773.3400,772.0601,772.1101,772.9224,5713307,26061
2020-04-28 10:37:00,773.5000,772.1900,773.1500,772.4630,5752310,28366
2020-04-28 10:38:00,772.8917,771.1700,772.5300,771.9517,5776434,17290
2020-04-28 10:39:00,772.8400,771.3700,772.0102,772.3500,5801059,16275
2020-04-28 10:40:00,772.4640,769.2000,772.4447,769.3101,5835891,21900
2020-04-28 10:41:00,771.0633,769.5180,769.8289,770.7983,5859548,15754
2020-04-28 10:42:00,770.7400,769.5800,770.7150,769.8200,5890136,18792
2020-04-28 10:43:00,770.8000,769.4200,769.6954,769.5416,5917608,19048
2020-04-28 10:44:00,769.8000,765.8600,769.8000,765.8600,5977807,37642
2020-04-28 10:45:00,766.5400,763.3500,765.8300,763.7765,6051230,43011
2020-04-28 10:46:00,765.7414,762.5300,763.4600,765.4700,6125359,49503
2020-04-28 10:47:00,765.9800,763.6200,765.5600,763.6200,6168438,30652
2020-04-28 10:48:00,763.9900,759.1800,763.8400,761.2801,6266622,60014
2020-04-28 10:49:00,764.6399,760.8130,761.9699,763.6400,6329173,41097
2020-04-28 10:50:00,765.4200,763.4500,763.9699,764.4500,6374353,31170
2020-04-28 10:51:00,764.9900,762.8001,764.2500,764.4850,6413761,28947
2020-04-28 10:52:00,765.3800,763.7800,764.7700,764.8300,6458184,31125
2020-04-28 10:53:00,765.0000,763.3100,764.5625,764.1001,6481374,15183
2020-04-28 10:54:00,765.0000,762.4878,764.1000,762.4878,6508484,16565
2020-04-28 10:55:00,762.6783,758.4000,762.0500,760.0000,6559014,28782
2020-04-28 10:56:00,761.7599,759.1650,760.0843,761.2699,6606994,31556
2020-04-28 10:57:00,761.4220,756.6900,761.4220,757.3014,6678838,51370
2020-04-28 10:58:00,759.8799,757.1209,757.3070,759.6300,6737414,42071
2020-04-28 10:59:00,760.2000,757.2500,759.6150,757.8000,6795618,39148
2020-04-28 11:00:00,760.7400,758.0316,758.0316,760.0000,6849784,38516
2020-04-28 11:01:00,760.5699,758.8700,760.4100,759.9300,6886865,23220
2020-04-28 11:02:00,763.3799,760.0600,760.0600,763.3665,6943025,37105
2020-04-28 11:03:00,763.9399,761.2000,763.0100,763.7000,6992017,35855
2020-04-28 11:04:00,764.9600,762.1100,763.1566,764.5850,7056110,44819
2020-04-28 11:05:00,764.9600,762.6473,764.9600,764.0191,7107623,39413
2020-04-28 11:06:00,765.3200,763.3202,764.2416,764.2188,7149120,26623
2020-04-28 11:07:00,766.7600,763.9800,763.9800,765.9786,7215261,50889
2020-04-28 11:08:00,768.9099,765.4001,766.3276,768.3599,7300034,61334
2020-04-28 11:09:00,769.7200,767.5000,768.3200,769.3924,7378943,53057
2020-04-28 11:10:00,769.7500,766.8172,769.7500,767.9999,7422962,27247
2020-04-28 11:11:00,770.4550,768.0000,768.2901,770.2650,7482140,40690
2020-04-28 11:12:00,770.4499,768.8553,770.4499,769.8100,7538759,39538
2020-04-28 11:13:00,770.2000,768.5800,769.6700,769.7374,7574600,24964
2020-04-28 11:14:00,773.0000,769.4500,769.9600,772.0400,7648790,51392
2020-04-28 11:15:00,773.2400,770.8400,772.2599,772.9400,7715303,49905
2020-04-28 11:16:00,773.6899,771.2701,772.8100,773.4615,7769374,39891
2020-04-28 11:17:00,773.6200,770.7300,773.1046,770.7300,7822232,35461
2020-04-28 11:18:00,771.5813,768.4401,770.6128,768.7700,7877077,36381
2020-04-28 11:19:00,770.4676,767.4200,768.7198,770.0000,7920682,29400
2020-04-28 11:20:00,770.8500,768.0000,770.2658,769.7666,7958883,28601
2020-04-28 11:21:00,770.9500,768.5100,769.8100,769.6711,7988439,19125
2020-04-28 11:22:00,771.0000,768.3600,769.0200,769.7617,8019597,20535
2020-04-28 11:23:00,770.3400,769.2200,770.0400,770.0000,8036664,12374
2020-04-28 11:24:00,770.9000,769.2200,769.7138,770.0900,8062379,17847
2020-04-28 11:25:00,770.6985,769.1800,769.9267,770.0395,8083201,13088
2020-04-28 11:26:00,770.9890,769.3628,770.0530,770.4165,8106801,15547
2020-04-28 11:27:00,771.2200,769.5550,770.1600,770.4384,8153387,35136
2020-04-28 11:28:00,772.8600,770.0100,770.5600,772.5650,8206867,39045
2020-04-28 11:29:00,774.0000,771.5437,772.4500,773.4700,8272546,49454
2020-04-28 11:30:00,773.7600,771.9750,773.3991,772.1100,8308093,25294
2020-04-28 11:31:00,772.8903,771.8300,772.0800,772.5700,8329639,13714
2020-04-28 11:32:00,774.7500,772.5601,772.5601,773.7000,8390205,43851
2020-04-28 11:33:00,774.7500,773.5200,773.6100,774.3600,8437564,32710
2020-04-28 11:34:00,774.7500,773.9122,774.2100,774.4601,8474766,25631
2020-04-28 11:35:00,776.0000,774.0000,774.4750,775.6654,8534682,42521
2020-04-28 11:36:00,777.3500,775.3645,775.5301,776.6513,8607765,50284
2020-04-28 11:37:00,777.3500,775.9500,776.7800,776.7699,8660630,35453
2020-04-28 11:38:00,776.6798,774.8001,776.4900,775.3983,8714063,39865
2020-04-28 11:39:00,776.5999,775.0000,775.3700,775.1009,8745503,21332
2020-04-28 11:40:00,775.7308,774.2600,775.0100,775.6300,8785522,30255
2020-04-28 11:41:00,775.5800,774.0801,775.5600,774.0801,8815628,21309
2020-04-28 11:42:00,774.4900,772.4900,774.1552,774.0000,8859828,30940
2020-04-28 11:43:00,774.4900,773.2100,773.9677,774.3260,8877116,12133
2020-04-28 11:44:00,774.8999,773.1600,774.0500,773.9300,8894957,13684
2020-04-28 11:45:00,776.2600,773.8200,773.8200,776.1300,8926973,21488
2020-04-28 11:46:00,778.0000,776.0100,776.1162,777.8848,8994652,49274
2020-04-28 11:47:00,777.5400,776.1327,777.3800,776.9616,9026177,22821
2020-04-28 11:48:00,778.0900,776.7150,776.9748,777.3900,9061886,25064
2020-04-28 11:49:00,777.6500,776.1800,777.3600,776.5000,9090170,19707
2020-04-28 11:50:00,779.0000,776.2801,776.4253,777.6922,9155753,48135
2020-04-28 11:51:00,778.8099,777.3300,777.5200,777.5000,9187840,21572
2020-04-28 11:52:00,777.6900,775.2600,777.4399,775.6334,9235259,29326
2020-04-28 11:53:00,777.7700,775.4494,775.6400,776.7950,9260646,17599
2020-04-28 11:54:00,777.5799,776.5900,776.7733,776.7900,9280782,15323
2020-04-28 11:55:00,776.9278,775.2183,776.8800,775.2808,9302897,14338
2020-04-28 11:56:00,775.8400,773.7901,775.2100,774.8000,9344824,30033
2020-04-28 11:57:00,774.7400,772.6800,774.6900,773.5981,9375274,19670
2020-04-28 11:58:00,773.8900,770.7000,773.8900,771.9510,9431805,40502
2020-04-28 11:59:00,771.9799,770.2000,771.7386,770.3900,9462814,20862
2020-04-28 12:00:00,772.1400,770.3900,770.3900,772.0000,9498177,26331
2020-04-28 12:01:00,772.9800,771.8900,772.1545,772.5250,9528761,22604
2020-04-28 12:02:00,772.6900,771.2000,772.6900,771.8206,9553438,18344
2020-04-28 12:03:00,771.9787,770.0600,771.5000,770.3323,9587482,23947
2020-04-28 12:04:00,772.5299,770.0000,770.1650,771.7246,9620694,21416
2020-04-28 12:05:00,773.4799,771.2100,772.1403,773.3660,9636733,10642
2020-04-28 12:06:00,774.7500,772.7600,773.1000,774.6850,9680837,32286
2020-04-28 12:07:00,774.8199,773.5400,774.8199,774.1000,9693474,8400
2020-04-28 12:08:00,777.5000,774.1200,774.4000,776.8300,9744862,32697
2020-04-28 12:09:00,777.0500,775.6400,777.0500,776.7682,9777443,24019
2020-04-28 12:10:00,777.6999,776.5000,777.0000,777.6000,9808855,22053
2020-04-28 12:11:00,781.0000,777.6000,777.6000,780.7799,9899399,63892
2020-04-28 12:12:00,781.0000,780.1300,780.8590,780.9799,9939600,27792
2020-04-28 12:13:00,781.0000,778.8300,780.9500,779.2600,9987018,30837
2020-04-28 12:14:00,780.0000,779.0000,779.0772,779.7256,10005127,13055
2020-04-28 12:15:00,779.9300,778.3200,779.7442,778.6954,10034929,20625
2020-04-28 12:16:00,778.7600,775.0400,778.7600,775.4800,10085385,34293
2020-04-28 12:17:00,777.4100,775.3800,775.3800,777.4000,10117396,23820
2020-04-28 12:18:00,777.8000,775.1100,777.2400,775.6200,10144061,17484
2020-04-28 12:19:00,775.8500,773.5200,775.6422,773.5700,10185618,30875
2020-04-28 12:20:00,775.0000,773.5668,773.8924,774.2392,10214956,21889
2020-04-28 12:21:00,775.7550,773.3401,773.7098,774.8286,10246344,23453
2020-04-28 12:22:00,775.4000,773.7900,774.8000,774.9000,10263722,13603
2020-04-28 12:23:00,775.5000,773.7801,775.1035,774.2800,10285177,14422
2020-04-28 12:24:00,774.0400,772.0000,774.0400,773.1737,10316022,20988
2020-04-28 12:25:00,774.4699,772.8800,773.1600,774.0638,10334659,14002
2020-04-28 12:26:00,774.9450,773.5500,774.5200,773.9400,10353188,13612
2020-04-28 12:27:00,774.9000,773.8700,774.3200,774.7100,10373967,15945
2020-04-28 12:28:00,776.1770,774.3101,774.6000,775.6399,10408250,24863
2020-04-28 12:29:00,776.8100,774.7500,775.4517,776.6557,10432080,15687
2020-04-28 12:30:00,776.7210,775.0000,776.7210,775.3400,10454424,17099
2020-04-28 12:31:00,775.4600,774.4149,775.1900,774.9700,10474282,13457
2020-04-28 12:32:00,775.7500,774.2000,774.4101,774.5050,10491795,13373
2020-04-28 12:33:00,774.8508,773.6400,774.4244,774.3900,10507027,10310
2020-04-28 12:34:00,775.2800,774.0680,774.0680,774.7239,10528592,17151
2020-04-28 12:35:00,776.0000,774.5434,774.7446,775.5734,10546702,13148
2020-04-28 12:36:00,777.2700,775.2752,775.4908,776.9140,10581316,25018
2020-04-28 12:37:00,777.1100,775.5024,776.8900,776.2708,10599476,14070
2020-04-28 12:38:00,776.9200,775.6000,776.2650,776.5000,10615370,11490
2020-04-28 12:39:00,778.5400,776.3900,776.7135,778.3094,10648538,22154
2020-04-28 12:40:00,778.9000,777.0035,778.2250,777.3700,10673534,19256
2020-04-28 12:41:00,777.9940,776.6901,777.4830,777.9867,10693695,13386
2020-04-28 12:42:00,778.0000,776.6700,777.7716,776.7392,10712939,12737
2020-04-28 12:43:00,777.5000,776.1850,777.0299,776.9800,10724961,9062
2020-04-28 12:44:00,777.8373,776.9004,776.9004,777.5500,10740643,11124
2020-04-28 12:45:00,778.4900,776.7446,777.5400,777.3600,10764286,17852
2020-04-28 12:46:00,777.6600,776.7600,777.4900,776.9200,10782102,13550
2020-04-28 12:47:00,776.8800,775.5140,776.8800,775.9200,10801431,13852
2020-04-28 12:48:00,776.8000,775.6620,775.8900,776.3863,10812247,7734
2020-04-28 12:49:00,777.2250,776.0000,776.7400,776.8200,10823561,7124
2020-04-28 12:50:00,778.2100,776.1720,776.6637,778.1636,10841037,12209
2020-04-28 12:51:00,779.7400,777.5100,778.1195,778.8900,10876816,26203
2020-04-28 12:52:00,778.8250,777.7925,778.6922,778.6950,10902124,17463
2020-04-28 12:53:00,779.0000,778.4350,778.6600,778.7400,10927483,19181
2020-04-28 12:54:00,779.2042,777.9001,778.9100,778.3040,10949263,15296
2020-04-28 12:55:00,778.9500,777.8000,778.1500,777.9000,10966556,12188
2020-04-28 12:56:00,779.9000,777.9124,778.0762,779.9000,10987307,14014
2020-04-28 12:57:00,782.5000,779.2199,779.8875,782.1778,11065958,56565
2020-04-28 12:58:00,782.5200,780.9550,782.4600,781.0000,11105572,31433
2020-04-28 12:59:00,781.7500,781.0000,781.3400,781.5017,11128342,16000
2020-04-28 13:00:00,781.5000,780.3037,781.4291,780.8123,11149032,13886
2020-04-28 13:01:00,781.5800,780.6738,781.0700,780.6738,11168403,13626
2020-04-28 13:02:00,781.7000,780.5100,780.6795,781.4900,11191851,17472
2020-04-28 13:03:00,782.3000,780.8100,781.5935,781.0500,11231673,31620
2020-04-28 13:04:00,781.2616,779.7100,781.0100,780.3200,11264128,21047
2020-04-28 13:05:00,781.0100,780.0000,780.0000,780.2206,11275169,6552
2020-04-28 13:06:00,781.0000,780.1300,780.2252,780.7321,11286307,6512
2020-04-28 13:07:00,782.1900,780.2900,780.7514,782.0000,11310244,15331
2020-04-28 13:08:00,782.3499,781.1800,781.7100,781.3119,11337119,19383
2020-04-28 13:09:00,781.7700,781.0000,781.2000,781.2850,11357724,16090
2020-04-28 13:10:00,781.3965,780.0000,781.3650,780.2672,11377602,12149
2020-04-28 13:11:00,780.9400,780.0000,780.3800,780.7350,11391650,8953
2020-04-28 13:12:00,780.8300,780.1400,780.5700,780.5099,11398896,4500
2020-04-28 13:13:00,781.0000,780.0000,780.0400,780.7701,11426833,19977
2020-04-28 13:14:00,781.2000,778.8850,780.8799,778.8850,11449991,15005
2020-04-28 13:15:00,779.3799,778.1201,778.9678,778.6233,11472022,15746
2020-04-28 13:16:00,779.1000,778.2201,778.7750,778.6900,11490510,13821
2020-04-28 13:17:00,779.3899,777.8000,778.3400,777.8100,11507158,8243
2020-04-28 13:18:00,778.1400,775.2000,777.9348,775.4784,11546170,25358
2020-04-28 13:19:00,776.6208,775.2400,775.3800,776.1454,11581654,26714
2020-04-28 13:20:00,777.1700,776.2000,776.5000,776.4350,11599745,12152
2020-04-28 13:21:00,777.9599,776.4685,776.5500,777.7506,11628317,21402
2020-04-28 13:22:00,778.1327,776.5801,777.7215,778.1327,11643554,9326
2020-04-28 13:23:00,779.2400,777.4101,778.2075,778.5520,11663634,15502
2020-04-28 13:24:00,778.8100,777.6056,778.5150,777.7500,11676971,8782
2020-04-28 13:25:00,778.6900,777.5702,777.6000,778.1000,11687558,8016
2020-04-28 13:26:00,778.7000,777.4000,777.9400,778.1782,11699775,7557
2020-04-28 13:27:00,778.3000,777.5900,778.2087,778.2500,11709044,5910
2020-04-28 13:28:00,779.3599,777.9005,778.3000,778.9530,11727796,13114
2020-04-28 13:29:00,779.3499,778.2400,778.9772,778.4626,11743514,11567
2020-04-28 13:30:00,779.0800,777.8900,778.2958,778.0550,11758585,10462
2020-04-28 13:31:00,778.3900,777.1500,777.9500,777.5000,11779678,14397
2020-04-28 13:32:00,779.0000,777.5529,777.5529,778.4250,11794171,8995
2020-04-28 13:33:00,780.0500,778.5800,778.5800,779.8900,11831979,28176
2020-04-28 13:34:00,779.8300,778.5900,779.8200,778.5900,11848799,12330
2020-04-28 13:35:00,779.6900,778.8130,778.8747,778.8130,11859330,6569
2020-04-28 13:36:00,779.2600,778.1815,778.6774,778.5400,11878963,14602
2020-04-28 13:37:00,778.6800,777.0500,778.3000,777.9200,11897645,13715
2020-04-28 13:38:00,777.9199,777.2300,777.4400,777.2455,11908844,7018
2020-04-28 13:39:00,778.8000,777.2370,777.2370,778.1000,11927505,13045
2020-04-28 13:40:00,778.4088,777.5500,778.2600,777.6976,11936477,5075
2020-04-28 13:41:00,779.0000,777.5100,777.6200,779.0000,11958082,15824
2020-04-28 13:42:00,779.3300,778.4400,779.0456,778.6233,11968912,6710
2020-04-28 13:43:00,779.1900,778.3730,778.5500,778.3730,11977588,4153
2020-04-28 13:44:00,779.3962,778.2900,778.4350,778.9900,11986504,5383
2020-04-28 13:45:00,781.5000,778.9600,779.0050,781.4100,12031131,28961
2020-04-28 13:46:00,781.2382,780.0400,781.2382,780.3900,12050016,12545
2020-04-28 13:47:00,781.0000,780.0900,780.3775,780.5900,12066811,10552
2020-04-28 13:48:00,780.8000,780.0301,780.4200,780.4100,12076090,5890
2020-04-28 13:49:00,780.5000,779.4701,780.4290,779.5600,12094952,12615
2020-04-28 13:50:00,779.6313,778.7297,779.3000,779.3817,12111509,11048
2020-04-28 13:51:00,779.6653,779.0000,779.0000,779.6545,12123091,7427
2020-04-28 13:52:00,779.4599,778.5001,779.3200,778.7610,12132156,5506
2020-04-28 13:53:00,778.8399,776.2300,778.6700,777.1200,12169082,25074
2020-04-28 13:54:00,777.8400,776.7400,777.0900,777.3202,12183426,9333
2020-04-28 13:55:00,777.9199,777.0000,777.3300,777.3550,12199880,12970
2020-04-28 13:56:00,777.9999,776.8300,777.4500,777.2300,12223710,19502
2020-04-28 13:57:00,777.3062,776.5000,777.3062,776.7240,12238999,10759
2020-04-28 13:58:00,776.9999,774.9700,776.5950,775.2900,12266826,17880
2020-04-28 13:59:00,775.9984,774.8501,775.0200,775.2900,12283138,12778
2020-04-28 14:00:00,775.9500,775.5000,775.8300,775.6302,12293410,7628
2020-04-28 14:01:00,777.1300,775.9500,775.9500,776.7950,12309105,10362
2020-04-28 14:02:00,777.2300,776.6501,776.9500,776.7965,12322214,9143
2020-04-28 14:03:00,776.8190,775.5100,776.7838,776.2872,12341665,14885
2020-04-28 14:04:00,776.6300,775.6000,776.2962,776.3108,12353338,7909
2020-04-28 14:05:00,777.1400,776.1701,776.2545,776.8689,12372774,14572
2020-04-28 14:06:00,777.9800,776.3701,776.8639,777.5750,12402869,22164
2020-04-28 14:07:00,777.9800,777.1200,777.5550,777.7242,12418914,12201
2020-04-28 14:08:00,777.7199,776.6136,777.6200,777.1200,12429938,8145
2020-04-28 14:09:00,777.9800,776.7911,776.9600,777.4050,12442637,8351
2020-04-28 14:10:00,777.5600,776.9400,777.2798,777.1000,12450102,4984
2020-04-28 14:11:00,777.7500,777.0001,777.4500,777.3227,12456578,3539
2020-04-28 14:12:00,778.2700,777.3202,777.4590,777.8000,12473047,11455
2020-04-28 14:13:00,778.5948,777.6601,777.6601,778.3700,12490363,12420
2020-04-28 14:14:00,778.6850,777.7600,778.5200,778.1800,12507129,12766
2020-04-28 14:15:00,778.7138,778.1900,778.3650,778.5600,12515688,5366
2020-04-28 14:16:00,778.6600,777.9101,778.5899,778.2300,12530254,10240
2020-04-28 14:17:00,779.0651,777.9701,778.4200,779.0018,12548123,11706
2020-04-28 14:18:00,779.3900,778.4800,778.8501,778.4988,12563427,11821
2020-04-28 14:19:00,780.2497,778.5036,778.5036,779.8550,12588585,17455
2020-04-28 14:20:00,780.4180,779.5300,779.6420,780.1800,12606940,12904
2020-04-28 14:21:00,780.9900,780.0100,780.2265,780.5900,12632334,18681
2020-04-28 14:22:00,780.7700,779.5100,780.4550,780.0000,12660964,24672
2020-04-28 14:23:00,780.0072,779.2756,780.0072,779.3001,12668800,4418
2020-04-28 14:24:00,779.9900,779.2900,779.3300,779.6000,12678269,5618
2020-04-28 14:25:00,780.2300,779.3400,779.5200,779.9948,12691253,9336
2020-04-28 14:26:00,781.6161,779.6850,779.8300,781.5131,12722800,23128
2020-04-28 14:27:00,782.0200,780.7901,781.4500,781.7400,12754015,20489
2020-04-28 14:28:00,781.8450,780.5220,781.8233,780.5220,12771627,12306
2020-04-28 14:29:00,780.6650,779.3360,780.4100,779.8700,12784639,6230
2020-04-28 14:30:00,780.0568,779.3000,779.6700,779.9000,12797537,8066
2020-04-28 14:31:00,781.0000,779.8001,779.9200,780.1101,12813451,10837
2020-04-28 14:32:00,780.8600,780.2300,780.5320,780.6234,12820795,3750
2020-04-28 14:33:00,780.8500,780.0000,780.5172,780.7562,12830149,4503
2020-04-28 14:34:00,780.9700,780.1101,780.5900,780.1101,12838237,5185
2020-04-28 14:35:00,780.8100,779.8600,780.4724,779.8995,12856523,12814
2020-04-28 14:36:00,780.2100,779.2000,779.9244,779.2150,12866612,6315
2020-04-28 14:37:00,779.2386,777.1200,779.2386,777.1200,12898531,22612
2020-04-28 14:38:00,777.3900,776.6100,777.2900,777.0000,12928458,20719
2020-04-28 14:39:00,777.4000,776.3020,777.0828,776.3100,12945694,11805
2020-04-28 14:40:00,777.5600,776.1000,776.8900,776.2900,12957700,7895
2020-04-28 14:41:00,777.9799,776.1288,776.3271,777.5400,12977073,14455
2020-04-28 14:42:00,777.6771,776.8901,777.5500,777.1490,12989438,7535
2020-04-28 14:43:00,778.0000,777.0300,777.2275,777.6636,13002347,8189
2020-04-28 14:44:00,777.7900,776.7900,777.6550,776.8652,13018583,10061
2020-04-28 14:45:00,776.9699,773.5100,776.8000,774.3900,13068823,34586
2020-04-28 14:46:00,775.1936,773.8600,773.8600,775.1899,13098892,20980
2020-04-28 14:47:00,775.3500,774.4853,775.0030,775.1390,13112805,8730
2020-04-28 14:48:00,775.4399,774.4500,775.1898,774.9303,13128677,10956
2020-04-28 14:49:00,775.4599,774.5100,774.8604,774.5100,13141229,8314
2020-04-28 14:50:00,775.3970,774.3100,774.7662,775.0100,13162153,15118
2020-04-28 14:51:00,775.5000,774.6200,775.0600,775.1250,13181043,14350
2020-04-28 14:52:00,775.2400,772.4500,775.1452,772.5050,13225259,31007
2020-04-28 14:53:00,772.5200,770.5000,772.4100,772.3400,13265922,26177
2020-04-28 14:54:00,773.4800,772.2600,772.4255,772.3001,13282581,11088
2020-04-28 14:55:00,772.7508,771.0900,772.4320,771.1648,13300845,12947
2020-04-28 14:56:00,772.5500,771.2525,771.2600,772.3207,13315175,9044
2020-04-28 14:57:00,772.3150,769.2501,772.2960,769.6900,13356759,24118
2020-04-28 14:58:00,771.1600,769.2500,769.4400,769.6840,13381652,16365
2020-04-28 14:59:00,771.5200,769.2500,769.2500,771.5200,13404522,12932
2020-04-28 15:00:00,772.0000,770.4000,771.3698,772.0000,13421860,11638
2020-04-28 15:01:00,771.9999,770.6810,771.9200,771.2600,13438924,12087
2020-04-28 15:02:00,771.4975,770.7694,771.3500,771.1200,13465800,22352
2020-04-28 15:03:00,771.9800,771.1508,771.2400,771.9800,13481438,10944
2020-04-28 15:04:00,773.6200,771.5000,771.5000,772.9900,13533650,39531
2020-04-28 15:05:00,773.1200,771.9600,772.9600,772.3899,13555412,16191
2020-04-28 15:06:00,772.9500,771.5100,772.4000,771.5200,13573217,11443
2020-04-28 15:07:00,772.5099,771.3200,771.5201,772.2636,13586281,8527
2020-04-28 15:08:00,772.7300,771.7400,772.1800,772.1408,13602018,10282
2020-04-28 15:09:00,772.4200,771.2000,772.1168,771.9300,13619562,12458
2020-04-28 15:10:00,772.0000,770.8000,771.9100,770.8000,13638139,10750
2020-04-28 15:11:00,770.9800,769.0400,770.8363,770.7932,13665969,17602
2020-04-28 15:12:00,771.0862,770.2600,770.4600,770.5256,13682150,10846
2020-04-28 15:13:00,771.3458,770.3202,770.4850,771.0050,13702903,13790
2020-04-28 15:14:00,771.5100,770.4100,770.8740,770.4100,13718767,11379
2020-04-28 15:15:00,771.1500,769.2201,770.6581,769.9812,13741461,15605
2020-04-28 15:16:00,770.4900,768.5000,769.9800,768.5700,13770830,20232
2020-04-28 15:17:00,769.2099,768.2820,768.9558,768.8630,13790852,12427
2020-04-28 15:18:00,769.2909,767.1784,769.0300,768.2100,13834406,29871
2020-04-28 15:19:00,768.7000,767.4140,767.6450,768.7000,13852871,12027
2020-04-28 15:20:00,769.8698,768.0100,768.3900,769.4800,13877404,17825
2020-04-28 15:21:00,771.1000,769.3400,769.3500,769.7650,13919917,25697
2020-04-28 15:22:00,770.5199,766.6700,769.9400,767.0500,13968512,32928
2020-04-28 15:23:00,768.3400,765.7701,767.2100,767.0000,13999205,19684
2020-04-28 15:24:00,768.4999,767.4200,767.4800,767.8300,14015098,10643
2020-04-28 15:25:00,768.3300,767.2000,767.8100,767.4801,14027444,7627
2020-04-28 15:26:00,769.4999,767.8700,768.0150,768.3510,14051920,15964
2020-04-28 15:27:00,769.7500,768.4700,768.4700,769.1000,14066369,8503
2020-04-28 15:28:00,770.8620,769.4050,769.4150,770.4600,14096956,19740
2020-04-28 15:29:00,771.6300,770.1640,770.2030,770.7100,14124038,19318
2020-04-28 15:30:00,771.5900,770.3200,770.8500,771.3000,14141605,10252
2020-04-28 15:31:00,771.5700,770.0850,771.3963,770.6350,14165679,15661
2020-04-28 15:32:00,771.0000,770.2300,770.9897,770.3738,14181671,10235
2020-04-28 15:33:00,770.9900,769.4310,770.1800,770.4100,14200093,11789
2020-04-28 15:34:00,770.9600,770.3000,770.6187,770.8659,14211666,7660
2020-04-28 15:35:00,770.9900,769.8701,770.3600,770.1542,14227227,10246
2020-04-28 15:36:00,770.2000,768.0000,769.8700,768.0100,14250065,13773
2020-04-28 15:37:00,769.6100,768.0400,768.0400,769.1900,14266427,9836
2020-04-28 15:38:00,770.0000,768.4450,769.2800,768.9900,14280784,9354
2020-04-28 15:39:00,769.8600,769.1681,769.2000,769.4397,14296669,11286
2020-04-28 15:40:00,769.8600,768.5200,769.3300,769.7150,14308823,7551
2020-04-28 15:41:00,770.0000,768.5850,769.6796,768.5850,14323700,8373
2020-04-28 15:42:00,769.8700,768.6701,768.9500,769.5201,14335457,6841
2020-04-28 15:43:00,769.7200,768.8900,769.5600,769.5556,14347600,7398
2020-04-28 15:44:00,769.9400,769.0000,769.8000,769.1800,14359613,7291
2020-04-28 15:45:00,770.3600,769.1000,769.6798,769.1000,14379363,12236
2020-04-28 15:46:00,769.6400,768.0000,769.2800,768.1900,14409174,18833
2020-04-28 15:47:00,768.4722,767.7600,768.4700,767.7900,14426566,10315
2020-04-28 15:48:00,768.4980,767.7200,767.7200,768.4544,14450423,14483
2020-04-28 15:49:00,769.0000,767.6100,768.4260,767.8639,14474054,16634
2020-04-28 15:50:00,767.9950,766.6300,767.9000,766.6900,14509372,22966
2020-04-28 15:51:00,767.7600,766.1800,766.5000,766.9250,14532533,14766
2020-04-28 15:52:00,766.8300,765.0000,766.8250,765.4400,14576837,27228
2020-04-28 15:53:00,766.4900,765.1600,765.3131,765.8400,14605803,18836
2020-04-28 15:54:00,765.9700,764.7900,765.7700,764.9900,14643175,22241
2020-04-28 15:55:00,765.2100,764.0000,765.0700,765.0700,14679417,23022
2020-04-28 15:56:00,766.8399,765.0000,765.0000,766.0100,14729220,32310
2020-04-28 15:57:00,766.5900,765.5531,766.0600,766.5587,14764408,18534
2020-04-28 15:58:00,767.7900,766.2300,766.4200,767.7372,14809384,27695
2020-04-28 15:59:00,769.5000,767.7900,767.7900,769.2325,14865959,33270
2020-04-28 16:00:00,769.4300,767.9744,769.3300,769.1100,14967005,69245