2020-04-27 09:31:00,0.9300,0.8500,0.9200,0.8500,3205594,1826171
2020-04-27 09:32:00,0.8521,0.8000,0.8500,0.8000,4505544,1292787
2020-04-27 09:33:00,0.8640,0.8000,0.8030,0.8640,5140383,630415
2020-04-27 09:34:00,0.8800,0.8602,0.8637,0.8780,5593671,449963
2020-04-27 09:35:00,0.8859,0.8695,0.8780,0.8701,5973411,356357
2020-04-27 09:36:00,0.8769,0.8529,0.8701,0.8598,6239918,242920
2020-04-27 09:37:00,0.8529,0.8130,0.8512,0.8259,6539103,271651
2020-04-27 09:38:00,0.8201,0.7900,0.8201,0.8000,7045273,499416
2020-04-27 09:39:00,0.8171,0.8000,0.8000,0.8136,7510753,459624
2020-04-27 09:40:00,0.8171,0.7900,0.8136,0.7981,7756098,240134
2020-04-27 09:41:00,0.8000,0.7522,0.7950,0.7673,8312999,523476
2020-04-27 09:42:00,0.7673,0.7500,0.7637,0.7595,9450972,1119352
2020-04-27 09:43:00,0.7600,0.7202,0.7595,0.7222,10093357,631315
2020-04-27 09:44:00,0.7588,0.7200,0.7202,0.7500,10760718,661229
2020-04-27 09:45:00,0.7600,0.7411,0.7588,0.7600,11142867,375594
2020-04-27 09:46:00,0.7797,0.7500,0.7500,0.7727,11618136,469921
2020-04-27 09:47:00,0.7777,0.7690,0.7730,0.7759,12000737,375133
2020-04-27 09:48:00,0.7897,0.7740,0.7759,0.7864,12363196,355183
2020-04-27 09:49:00,0.7970,0.7800,0.7845,0.7940,12943299,573537
2020-04-27 09:50:00,0.7945,0.7900,0.7945,0.7930,13137084,186689
2020-04-27 09:51:00,0.7970,0.7900,0.7921,0.7900,13419288,275923
2020-04-27 09:52:00,0.8000,0.7722,0.7950,0.7723,13737267,310896
2020-04-27 09:53:00,0.7922,0.7723,0.7723,0.7825,13818897,76845
2020-04-27 09:54:00,0.7922,0.7728,0.7825,0.7887,13958011,134922
2020-04-27 09:55:00,0.8000,0.7850,0.7899,0.7997,14102017,138066
2020-04-27 09:56:00,0.8190,0.7921,0.7959,0.8100,14456412,348784
2020-04-27 09:57:00,0.8299,0.8025,0.8177,0.8299,14732579,266367
2020-04-27 09:58:00,0.8490,0.8291,0.8298,0.8304,15170982,430092
2020-04-27 09:59:00,0.8392,0.8297,0.8304,0.8351,15322799,146994
2020-04-27 10:00:00,0.8490,0.8350,0.8352,0.8484,15585453,257608
2020-04-27 10:01:00,0.8600,0.8400,0.8442,0.8600,15895958,303612
2020-04-27 10:02:00,0.8799,0.8560,0.8600,0.8799,16277495,372145
2020-04-27 10:03:00,0.8899,0.8686,0.8686,0.8873,16576309,293121
2020-04-27 10:04:00,0.9200,0.8820,0.8820,0.9200,17098453,515672
2020-04-27 10:05:00,0.9380,0.9100,0.9200,0.9201,17915012,804606
2020-04-27 10:06:00,0.9202,0.8501,0.9201,0.8724,18778266,853165
2020-04-27 10:07:00,0.9200,0.8712,0.8790,0.9175,19066788,280973
2020-04-27 10:08:00,0.9200,0.9000,0.9170,0.9200,19342728,269056
2020-04-27 10:09:00,0.9200,0.8900,0.9200,0.9000,19547349,200284
2020-04-27 10:10:00,0.9000,0.8976,0.9000,0.8997,19726561,170449
2020-04-27 10:11:00,0.9100,0.8500,0.9000,0.8700,19924980,193457
2020-04-27 10:12:00,0.8700,0.8544,0.8699,0.8700,20033462,105252
2020-04-27 10:13:00,0.8996,0.8686,0.8747,0.8826,20130495,94237
2020-04-27 10:14:00,0.8899,0.8807,0.8813,0.8853,20193638,61180
2020-04-27 10:15:00,0.8899,0.8700,0.8899,0.8791,20330156,132982
2020-04-27 10:16:00,0.9000,0.8799,0.8800,0.8968,20389680,57289
2020-04-27 10:17:00,0.9100,0.8968,0.9000,0.9052,20592458,199787
2020-04-27 10:18:00,0.9166,0.9077,0.9100,0.9156,20689895,94565
2020-04-27 10:19:00,0.9166,0.9100,0.9152,0.9101,20798737,105268
2020-04-27 10:20:00,0.9101,0.9050,0.9101,0.9082,20944800,142355
2020-04-27 10:21:00,0.9100,0.9050,0.9087,0.9071,21054295,107547
2020-04-27 10:22:00,0.9180,0.9071,0.9071,0.9166,21247029,191219
2020-04-27 10:23:00,0.9500,0.9111,0.9111,0.9500,21629600,379463
2020-04-27 10:24:00,0.9780,0.9406,0.9406,0.9701,22113884,479665
2020-04-27 10:25:00,0.9890,0.9700,0.9749,0.9890,22477118,360018
2020-04-27 10:26:00,0.9890,0.9552,0.9890,0.9552,22906985,426878
2020-04-27 10:27:00,0.9600,0.9400,0.9600,0.9400,23092779,183495
2020-04-27 10:28:00,0.9401,0.9389,0.9400,0.9400,23316616,221335
2020-04-27 10:29:00,0.9400,0.9207,0.9390,0.9374,23476873,158210
2020-04-27 10:30:00,0.9650,0.9300,0.9306,0.9599,23727411,247118
2020-04-27 10:31:00,0.9599,0.9402,0.9598,0.9520,23806188,76930
2020-04-27 10:32:00,0.9550,0.9315,0.9520,0.9317,23913601,105582
2020-04-27 10:33:00,0.9520,0.9399,0.9399,0.9499,23987551,70337
2020-04-27 10:34:00,0.9520,0.9401,0.9499,0.9501,24029917,40536
2020-04-27 10:35:00,0.9899,0.9500,0.9510,0.9899,24229440,197331
2020-04-27 10:36:00,1.0400,0.9851,0.9899,1.0184,24731238,496740
2020-04-27 10:37:00,1.0200,0.9791,1.0104,0.9860,25112525,374062
2020-04-27 10:38:00,1.0400,0.9801,0.9801,1.0301,25475796,359907
2020-04-27 10:39:00,1.0500,1.0300,1.0400,1.0400,25887115,405886
2020-04-27 10:40:00,1.0500,1.0100,1.0499,1.0300,26129657,237672
2020-04-27 10:41:00,1.0300,1.0200,1.0250,1.0250,26231755,99194
2020-04-27 10:42:00,1.0300,1.0200,1.0250,1.0250,26368048,133793
2020-04-27 10:43:00,1.0400,1.0200,1.0284,1.0400,26550194,179260
2020-04-27 10:44:00,1.0500,1.0300,1.0400,1.0410,26712131,159195
2020-04-27 10:45:00,1.0500,1.0300,1.0500,1.0300,26864575,149483
2020-04-27 10:46:00,1.0400,1.0300,1.0400,1.0300,26938303,70880
2020-04-27 10:47:00,1.0400,1.0200,1.0300,1.0200,27188643,244495
2020-04-27 10:48:00,1.0300,0.9801,1.0200,0.9850,27528004,335545
2020-04-27 10:49:00,0.9851,0.9600,0.9801,0.9800,27897803,365346
2020-04-27 10:50:00,0.9900,0.9751,0.9751,0.9863,28093040,191382
2020-04-27 10:51:00,0.9866,0.9659,0.9863,0.9794,28245326,149381
2020-04-27 10:52:00,0.9795,0.9613,0.9706,0.9675,28311840,64199
2020-04-27 10:53:00,0.9800,0.9600,0.9644,0.9703,28452705,137854
2020-04-27 10:54:00,0.9800,0.9600,0.9800,0.9624,28502863,48608
2020-04-27 10:55:00,0.9750,0.9426,0.9700,0.9460,28750185,244112
2020-04-27 10:56:00,0.9460,0.9330,0.9450,0.9350,28973126,218878
2020-04-27 10:57:00,0.9643,0.9338,0.9346,0.9643,29191545,215843
2020-04-27 10:58:00,0.9646,0.9550,0.9578,0.9582,29250580,56970
2020-04-27 10:59:00,0.9588,0.9500,0.9579,0.9527,29315060,63035
2020-04-27 11:00:00,0.9572,0.9350,0.9500,0.9450,29440814,123950
2020-04-27 11:01:00,0.9506,0.9458,0.9489,0.9492,29510128,67384
2020-04-27 11:02:00,0.9500,0.9450,0.9500,0.9500,29571537,59604
2020-04-27 11:03:00,0.9500,0.9462,0.9491,0.9462,29625440,52490
2020-04-27 11:04:00,0.9697,0.9492,0.9500,0.9677,29769470,142151
2020-04-27 11:05:00,0.9933,0.9677,0.9683,0.9933,29960619,189065
2020-04-27 11:06:00,1.0000,0.9900,0.9900,0.9996,30149359,186784
2020-04-27 11:07:00,1.0100,0.9975,0.9989,1.0080,30312429,160161
2020-04-27 11:08:00,1.0200,1.0001,1.0100,1.0200,30458713,144787
2020-04-27 11:09:00,1.0200,1.0100,1.0100,1.0200,30606210,145432
2020-04-27 11:10:00,1.0200,1.0100,1.0101,1.0100,30724428,115924
2020-04-27 11:11:00,1.0200,1.0000,1.0199,1.0000,30849200,120987
2020-04-27 11:12:00,1.0100,0.9650,1.0050,0.9800,31054407,203774
2020-04-27 11:13:00,0.9799,0.9503,0.9777,0.9690,31304931,248713
2020-04-27 11:14:00,0.9900,0.9704,0.9799,0.9899,31408728,102032
2020-04-27 11:15:00,0.9899,0.9829,0.9898,0.9853,31453523,43236
2020-04-27 11:16:00,0.9866,0.9712,0.9851,0.9713,31518487,63698
2020-04-27 11:17:00,0.9840,0.9710,0.9713,0.9713,31568682,48474
2020-04-27 11:18:00,0.9812,0.9711,0.9712,0.9751,31608315,38097
2020-04-27 11:19:00,0.9757,0.9750,0.9751,0.9750,31683421,73128
2020-04-27 11:20:00,0.9751,0.9600,0.9751,0.9639,31723084,38494
2020-04-27 11:21:00,0.9699,0.9600,0.9651,0.9600,31759363,35211
2020-04-27 11:22:00,0.9670,0.9600,0.9625,0.9621,31800807,39653
2020-04-27 11:23:00,0.9669,0.9635,0.9635,0.9668,31824641,22466
2020-04-27 11:24:00,0.9700,0.9668,0.9668,0.9700,31844529,17842
2020-04-27 11:25:00,0.9800,0.9700,0.9749,0.9750,31909842,64014
2020-04-27 11:26:00,0.9800,0.9601,0.9800,0.9700,31978597,67367
2020-04-27 11:27:00,0.9700,0.9627,0.9627,0.9700,31997407,17542
2020-04-27 11:28:00,0.9800,0.9700,0.9700,0.9799,32105968,107259
2020-04-27 11:29:00,0.9800,0.9752,0.9752,0.9800,32146850,39325
2020-04-27 11:30:00,0.9800,0.9795,0.9800,0.9795,32189534,41272
2020-04-27 11:31:00,0.9798,0.9752,0.9752,0.9798,32204523,14077
2020-04-27 11:32:00,0.9762,0.9600,0.9762,0.9650,32250434,44864
2020-04-27 11:33:00,0.9762,0.9650,0.9653,0.9745,32271769,20040
2020-04-27 11:34:00,0.9746,0.9695,0.9711,0.9723,32279997,7724
2020-04-27 11:35:00,0.9851,0.9700,0.9723,0.9765,32403131,121931
2020-04-27 11:36:00,0.9881,0.9790,0.9797,0.9881,32441637,37574
2020-04-27 11:37:00,1.0000,0.9823,0.9881,1.0000,32613042,170296
2020-04-27 11:38:00,1.0000,0.9950,1.0000,0.9999,32695009,80994
2020-04-27 11:39:00,1.0000,0.9951,0.9998,1.0000,33176663,479603
2020-04-27 11:40:00,1.0000,0.9751,0.9999,0.9776,33530705,352229
2020-04-27 11:41:00,0.9777,0.9752,0.9777,0.9753,33569686,37756
2020-04-27 11:42:00,0.9752,0.9650,0.9752,0.9739,33669953,98663
2020-04-27 11:43:00,0.9743,0.9701,0.9743,0.9742,33716978,46089
2020-04-27 11:44:00,0.9900,0.9703,0.9720,0.9900,33753590,35661
2020-04-27 11:45:00,0.9900,0.9781,0.9781,0.9900,33813097,58840
2020-04-27 11:46:00,0.9900,0.9801,0.9803,0.9900,33840149,25601
2020-04-27 11:47:00,0.9980,0.9900,0.9900,0.9980,33890084,48912
2020-04-27 11:48:00,0.9999,0.9900,0.9979,0.9900,33971772,80206
2020-04-27 11:49:00,0.9996,0.9900,0.9995,0.9954,33997574,24672
2020-04-27 11:50:00,0.9996,0.9925,0.9926,0.9975,34026131,27395
2020-04-27 11:51:00,1.0000,0.9900,0.9925,0.9900,34181670,154198
2020-04-27 11:52:00,0.9950,0.9900,0.9925,0.9924,34206751,24249
2020-04-27 11:53:00,0.9950,0.9900,0.9901,0.9950,34236576,29008
2020-04-27 11:54:00,0.9950,0.9901,0.9950,0.9948,34263414,25747
2020-04-27 11:55:00,1.0000,0.9911,0.9920,0.9996,34293678,29394
2020-04-27 11:56:00,1.0000,0.9950,0.9995,1.0000,34439884,144987
2020-04-27 11:57:00,1.0100,0.9999,0.9999,1.0050,34514008,72177
2020-04-27 11:58:00,1.0100,1.0000,1.0093,1.0042,34558166,42910
2020-04-27 11:59:00,1.0200,1.0000,1.0050,1.0200,34661215,101356
2020-04-27 12:00:00,1.0200,1.0100,1.0150,1.0199,34753676,90349
2020-04-27 12:01:00,1.0300,1.0100,1.0150,1.0300,34972392,217202
2020-04-27 12:02:00,1.0300,1.0200,1.0300,1.0200,35073202,99290
2020-04-27 12:03:00,1.0300,1.0200,1.0200,1.0250,35150280,75925
2020-04-27 12:04:00,1.0300,1.0200,1.0250,1.0250,35224123,72727
2020-04-27 12:05:00,1.0300,1.0200,1.0267,1.0225,35273821,48505
2020-04-27 12:06:00,1.0300,1.0200,1.0200,1.0216,35341522,66095
2020-04-27 12:07:00,1.0300,1.0000,1.0250,1.0014,35499754,155974
2020-04-27 12:08:00,1.0100,1.0000,1.0099,1.0000,35548920,48121
2020-04-27 12:09:00,1.0100,1.0000,1.0001,1.0100,35593089,43159
2020-04-27 12:10:00,1.0100,1.0000,1.0001,1.0000,35667309,72483
2020-04-27 12:11:00,1.0100,0.9700,1.0100,0.9701,35826185,156829
2020-04-27 12:12:00,0.9889,0.9795,0.9887,0.9872,35891801,64476
2020-04-27 12:13:00,0.9888,0.9702,0.9887,0.9785,35972889,79815
2020-04-27 12:14:00,0.9889,0.9770,0.9770,0.9800,36017817,43922
2020-04-27 12:15:00,0.9876,0.9750,0.9863,0.9851,36065460,46492
2020-04-27 12:16:00,0.9876,0.9838,0.9857,0.9857,36078468,11789
2020-04-27 12:17:00,0.9888,0.9839,0.9839,0.9860,36099806,20582
2020-04-27 12:18:00,0.9900,0.9876,0.9888,0.9900,36134517,33909
2020-04-27 12:19:00,1.0000,0.9895,0.9895,0.9989,36182023,46161
2020-04-27 12:20:00,0.9990,0.9920,0.9990,0.9988,36199188,16513
2020-04-27 12:21:00,1.0000,0.9987,0.9990,1.0000,36246376,46438
2020-04-27 12:22:00,1.0100,0.9989,1.0000,1.0100,36368409,120901
2020-04-27 12:23:00,1.0100,1.0000,1.0096,1.0000,36405354,36129
2020-04-27 12:24:00,1.0100,1.0000,1.0100,1.0100,36415475,9200
2020-04-27 12:25:00,1.0100,1.0000,1.0100,1.0001,36447003,30727
2020-04-27 12:26:00,1.0200,1.0000,1.0000,1.0100,36497485,47305
2020-04-27 12:27:00,1.0200,1.0100,1.0128,1.0199,36560996,57326
2020-04-27 12:28:00,1.0200,1.0100,1.0128,1.0200,36647189,78294
2020-04-27 12:29:00,1.0200,1.0100,1.0150,1.0200,36658302,9794
2020-04-27 12:30:00,1.0200,1.0100,1.0101,1.0101,36685122,26060
2020-04-27 12:31:00,1.0200,1.0100,1.0200,1.0150,36723198,36251
2020-04-27 12:32:00,1.0200,1.0100,1.0200,1.0116,36733506,8842
2020-04-27 12:33:00,1.0200,1.0100,1.0100,1.0100,36767688,33335
2020-04-27 12:34:00,1.0200,1.0100,1.0125,1.0150,36851649,81922
2020-04-27 12:35:00,1.0200,1.0100,1.0103,1.0200,36931519,79084
2020-04-27 12:36:00,1.0200,1.0000,1.0134,1.0000,36984491,52001
2020-04-27 12:37:00,1.0100,1.0000,1.0000,1.0000,37026749,41512
2020-04-27 12:38:00,1.0100,1.0000,1.0000,1.0091,37110188,82619
2020-04-27 12:39:00,1.0100,1.0000,1.0000,1.0100,37139753,28504
2020-04-27 12:40:00,1.0100,1.0000,1.0066,1.0100,37204690,62435
2020-04-27 12:41:00,1.0100,1.0000,1.0000,1.0000,37221746,16062
2020-04-27 12:42:00,1.0100,1.0000,1.0000,1.0100,37244516,22151
2020-04-27 12:43:00,1.0100,1.0000,1.0100,1.0100,37274354,28740
2020-04-27 12:44:00,1.0100,1.0000,1.0099,1.0000,37289068,14318
2020-04-27 12:45:00,1.0100,1.0000,1.0002,1.0100,37315288,25523
2020-04-27 12:46:00,1.0100,1.0000,1.0100,1.0100,37328440,12364
2020-04-27 12:47:00,1.0100,1.0000,1.0000,1.0000,37334268,5020
2020-04-27 12:48:00,1.0100,1.0000,1.0000,1.0099,37344033,8637
2020-04-27 12:49:00,1.0100,1.0000,1.0023,1.0099,37357867,12981
2020-04-27 12:50:00,1.0100,1.0000,1.0050,1.0000,37382328,23851
2020-04-27 12:51:00,1.0100,1.0000,1.0100,1.0084,37396346,12846
2020-04-27 12:52:00,1.0100,1.0000,1.0000,1.0000,37431174,33972
2020-04-27 12:53:00,1.0100,1.0000,1.0100,1.0100,37447551,15435
2020-04-27 12:54:00,1.0100,1.0000,1.0100,1.0100,37489723,41612
2020-04-27 12:55:00,1.0100,1.0000,1.0000,1.0100,37526728,34568
2020-04-27 12:56:00,1.0200,1.0000,1.0084,1.0200,37640620,112537
2020-04-27 12:57:00,1.0300,1.0100,1.0168,1.0201,37704765,62751
2020-04-27 12:58:00,1.0300,1.0200,1.0201,1.0250,37731865,26182
2020-04-27 12:59:00,1.0300,1.0200,1.0250,1.0300,37788675,55880
2020-04-27 13:00:00,1.0300,1.0200,1.0300,1.0250,37818082,28812
2020-04-27 13:01:00,1.0300,1.0100,1.0300,1.0200,37910389,91397
2020-04-27 13:02:00,1.0200,1.0100,1.0200,1.0100,37954440,43090
2020-04-27 13:03:00,1.0200,1.0000,1.0116,1.0050,38038226,82808
2020-04-27 13:04:00,1.0100,1.0000,1.0050,1.0050,38045477,4739
2020-04-27 13:05:00,1.0100,1.0000,1.0000,1.0000,38117000,68093
2020-04-27 13:06:00,1.0100,1.0000,1.0050,1.0069,38129657,11214
2020-04-27 13:07:00,1.0100,1.0000,1.0002,1.0100,38137569,7190
2020-04-27 13:08:00,1.0100,1.0000,1.0075,1.0050,38162210,21982
2020-04-27 13:09:00,1.0100,1.0000,1.0050,1.0000,38166479,3523
2020-04-27 13:10:00,1.0100,1.0000,1.0050,1.0000,38186624,18635
2020-04-27 13:11:00,1.0100,1.0000,1.0000,1.0050,38208535,17625
2020-04-27 13:12:00,1.0100,1.0000,1.0000,1.0099,38250213,39531
2020-04-27 13:13:00,1.0100,1.0000,1.0099,1.0002,38291287,33958
2020-04-27 13:14:00,1.0099,1.0000,1.0080,1.0050,38302591,10208
2020-04-27 13:15:00,1.0100,1.0000,1.0050,1.0050,38310544,6610
2020-04-27 13:16:00,1.0100,1.0000,1.0000,1.0000,38325423,13745
2020-04-27 13:17:00,1.0100,1.0000,1.0050,1.0006,38341235,14716
2020-04-27 13:18:00,1.0100,1.0000,1.0100,1.0050,38440510,97560
2020-04-27 13:19:00,1.0100,1.0000,1.0000,1.0100,38464039,22210
2020-04-27 13:20:00,1.0100,1.0000,1.0100,1.0099,38492134,26825
2020-04-27 13:21:00,1.0100,1.0001,1.0050,1.0001,38495901,2925
2020-04-27 13:22:00,1.0100,1.0000,1.0100,1.0040,38516446,19745
2020-04-27 13:23:00,1.0100,1.0000,1.0100,1.0050,38533254,15889
2020-04-27 13:24:00,1.0100,1.0000,1.0050,1.0050,38568581,33178
2020-04-27 13:25:00,1.0100,1.0001,1.0099,1.0068,38573540,3662
2020-04-27 13:26:00,1.0100,1.0000,1.0050,1.0000,38585887,10162
2020-04-27 13:27:00,1.0200,1.0000,1.0100,1.0100,38667386,80942
2020-04-27 13:28:00,1.0200,1.0100,1.0100,1.0100,38682365,13865
2020-04-27 13:29:00,1.0200,1.0100,1.0200,1.0200,38685910,2880
2020-04-27 13:30:00,1.0200,1.0100,1.0200,1.0100,38712107,25200
2020-04-27 13:31:00,1.0200,1.0100,1.0200,1.0200,38741078,28395
2020-04-27 13:32:00,1.0200,1.0100,1.0184,1.0199,38751665,9482
2020-04-27 13:33:00,1.0300,1.0100,1.0200,1.0300,38939092,185427
2020-04-27 13:34:00,1.0400,1.0284,1.0300,1.0400,39140135,199674
2020-04-27 13:35:00,1.0400,1.0200,1.0384,1.0300,39251061,110476
2020-04-27 13:36:00,1.0300,1.0200,1.0216,1.0201,39293167,41523
2020-04-27 13:37:00,1.0300,1.0200,1.0234,1.0201,39313184,18969
2020-04-27 13:38:00,1.0300,1.0201,1.0234,1.0265,39323089,9265
2020-04-27 13:39:00,1.0300,1.0200,1.0201,1.0216,39331571,7966
2020-04-27 13:40:00,1.0300,1.0200,1.0250,1.0284,39366594,34673
2020-04-27 13:41:00,1.0300,1.0201,1.0201,1.0218,39409793,42420
2020-04-27 13:42:00,1.0400,1.0275,1.0300,1.0396,39489843,79333
2020-04-27 13:43:00,1.0400,1.0300,1.0400,1.0316,39506969,16234
2020-04-27 13:44:00,1.0400,1.0300,1.0316,1.0300,39530103,22017
2020-04-27 13:45:00,1.0400,1.0300,1.0378,1.0350,39550211,19327
2020-04-27 13:46:00,1.0400,1.0300,1.0350,1.0350,39559812,8765
2020-04-27 13:47:00,1.0400,1.0300,1.0350,1.0302,39604187,43045
2020-04-27 13:48:00,1.0500,1.0300,1.0350,1.0416,39748147,142878
2020-04-27 13:49:00,1.0800,1.0400,1.0472,1.0800,40074017,318833
2020-04-27 13:50:00,1.0900,1.0700,1.0701,1.0900,40335355,254628
2020-04-27 13:51:00,1.0900,1.0800,1.0900,1.0867,40475111,138240
2020-04-27 13:52:00,1.0900,1.0800,1.0801,1.0802,40702521,225584
2020-04-27 13:53:00,1.0900,1.0600,1.0850,1.0700,40943705,239941
2020-04-27 13:54:00,1.0700,1.0600,1.0700,1.0700,40979033,33993
2020-04-27 13:55:00,1.0700,1.0600,1.0700,1.0700,41056695,76927
2020-04-27 13:56:00,1.0700,1.0600,1.0650,1.0600,41126545,68888
2020-04-27 13:57:00,1.0700,1.0400,1.0700,1.0500,41191443,63661
2020-04-27 13:58:00,1.0500,1.0300,1.0420,1.0300,41252061,59693
2020-04-27 13:59:00,1.0400,1.0300,1.0300,1.0300,41268154,15494
2020-04-27 14:00:00,1.0500,1.0300,1.0400,1.0500,41368148,91919
2020-04-27 14:01:00,1.0500,1.0400,1.0499,1.0499,41401263,32434
2020-04-27 14:02:00,1.0500,1.0400,1.0500,1.0500,41437472,35428
2020-04-27 14:03:00,1.0600,1.0400,1.0450,1.0600,41482817,43944
2020-04-27 14:04:00,1.0700,1.0500,1.0600,1.0700,41520503,36325
2020-04-27 14:05:00,1.0700,1.0600,1.0697,1.0650,41547048,25883
2020-04-27 14:06:00,1.0900,1.0600,1.0600,1.0900,41624892,76999
2020-04-27 14:07:00,1.0900,1.0800,1.0850,1.0850,41713051,87168
2020-04-27 14:08:00,1.0900,1.0800,1.0900,1.0850,41770534,56366
2020-04-27 14:09:00,1.0900,1.0800,1.0820,1.0899,41814426,42691
2020-04-27 14:10:00,1.0900,1.0800,1.0900,1.0899,41916791,101071
2020-04-27 14:11:00,1.0900,1.0600,1.0899,1.0600,42077434,157345
2020-04-27 14:12:00,1.0700,1.0600,1.0650,1.0699,42114001,35698
2020-04-27 14:13:00,1.0700,1.0600,1.0700,1.0601,42144809,29920
2020-04-27 14:14:00,1.0700,1.0600,1.0616,1.0600,42185709,40323
2020-04-27 14:15:00,1.0700,1.0600,1.0699,1.0601,42202093,15577
2020-04-27 14:16:00,1.0700,1.0600,1.0636,1.0700,42215419,12380
2020-04-27 14:17:00,1.0700,1.0600,1.0600,1.0699,42244157,27160
2020-04-27 14:18:00,1.0700,1.0600,1.0620,1.0700,42257561,12942
2020-04-27 14:19:00,1.0800,1.0601,1.0700,1.0800,42340931,82216
2020-04-27 14:20:00,1.0900,1.0750,1.0750,1.0850,42469865,128283
2020-04-27 14:21:00,1.0900,1.0800,1.0900,1.0850,42507504,36420
2020-04-27 14:22:00,1.0900,1.0800,1.0850,1.0801,42586036,77315
2020-04-27 14:23:00,1.0900,1.0800,1.0899,1.0900,42634014,46757
2020-04-27 14:24:00,1.0900,1.0800,1.0850,1.0802,42704553,69667
2020-04-27 14:25:00,1.0900,1.0800,1.0850,1.0900,42766960,61448
2020-04-27 14:26:00,1.1200,1.0801,1.0900,1.1150,43200145,427837
2020-04-27 14:27:00,1.1200,1.0900,1.1150,1.1000,43468831,266959
2020-04-27 14:28:00,1.1000,1.0900,1.0950,1.0950,43553641,83564
2020-04-27 14:29:00,1.1000,1.0900,1.0950,1.0950,43673284,108261
2020-04-27 14:30:00,1.1000,1.0600,1.0984,1.0700,43929813,252777
2020-04-27 14:31:00,1.0800,1.0600,1.0700,1.0700,44018830,87846
2020-04-27 14:32:00,1.0800,1.0700,1.0701,1.0763,44087910,68425
2020-04-27 14:33:00,1.0800,1.0700,1.0798,1.0701,44141273,51401
2020-04-27 14:34:00,1.0800,1.0700,1.0800,1.0750,44172567,30185
2020-04-27 14:35:00,1.0800,1.0600,1.0700,1.0604,44222312,49074
2020-04-27 14:36:00,1.0700,1.0600,1.0699,1.0700,44228780,5692
2020-04-27 14:37:00,1.0700,1.0600,1.0600,1.0650,44242713,13087
2020-04-27 14:38:00,1.0700,1.0600,1.0650,1.0650,44263800,20293
2020-04-27 14:39:00,1.0700,1.0600,1.0700,1.0700,44283988,19701
2020-04-27 14:40:00,1.0700,1.0600,1.0700,1.0700,44364180,65078
2020-04-27 14:41:00,1.0800,1.0616,1.0700,1.0800,44401004,36082
2020-04-27 14:42:00,1.0800,1.0700,1.0762,1.0750,44422954,21568
2020-04-27 14:43:00,1.0800,1.0700,1.0700,1.0800,44432791,9504
2020-04-27 14:44:00,1.0800,1.0700,1.0800,1.0800,44505887,72604
2020-04-27 14:45:00,1.0900,1.0800,1.0850,1.0800,44594746,87996
2020-04-27 14:46:00,1.0900,1.0800,1.0900,1.0816,44612574,17219
2020-04-27 14:47:00,1.0900,1.0800,1.0900,1.0800,44639123,26263
2020-04-27 14:48:00,1.0900,1.0700,1.0900,1.0700,44718430,78339
2020-04-27 14:49:00,1.0716,1.0500,1.0700,1.0500,44805535,86323
2020-04-27 14:50:00,1.0600,1.0400,1.0500,1.0401,45137649,331109
2020-04-27 14:51:00,1.0500,1.0300,1.0400,1.0401,45389668,250382
2020-04-27 14:52:00,1.0600,1.0401,1.0500,1.0600,45485923,95224
2020-04-27 14:53:00,1.0615,1.0500,1.0502,1.0615,45524102,37602
2020-04-27 14:54:00,1.0800,1.0601,1.0650,1.0800,45557407,32292
2020-04-27 14:55:00,1.0800,1.0700,1.0800,1.0700,45640102,81445
2020-04-27 14:56:00,1.0800,1.0700,1.0701,1.0800,45648194,7198
2020-04-27 14:57:00,1.0800,1.0700,1.0800,1.0700,45689071,40236
2020-04-27 14:58:00,1.0800,1.0700,1.0716,1.0750,45700238,10059
2020-04-27 14:59:00,1.0800,1.0700,1.0799,1.0716,45738427,36724
2020-04-27 15:00:00,1.0800,1.0700,1.0800,1.0744,45774131,34994
2020-04-27 15:01:00,1.0800,1.0700,1.0800,1.0750,45795966,20531
2020-04-27 15:02:00,1.0800,1.0700,1.0800,1.0800,45867920,70975
2020-04-27 15:03:00,1.0800,1.0500,1.0750,1.0600,46076270,207151
2020-04-27 15:04:00,1.0700,1.0600,1.0601,1.0700,46118318,39945
2020-04-27 15:05:00,1.0700,1.0600,1.0700,1.0600,46138743,19811
2020-04-27 15:06:00,1.0700,1.0600,1.0700,1.0650,46176853,36951
2020-04-27 15:07:00,1.0700,1.0500,1.0699,1.0500,46231696,54067
2020-04-27 15:08:00,1.0700,1.0500,1.0500,1.0700,46362990,130400
2020-04-27 15:09:00,1.0700,1.0600,1.0650,1.0650,46396912,32263
2020-04-27 15:10:00,1.0700,1.0600,1.0601,1.0700,46410736,12876
2020-04-27 15:11:00,1.0700,1.0600,1.0601,1.0700,46423202,11963
2020-04-27 15:12:00,1.0700,1.0600,1.0659,1.0615,46442948,16793
2020-04-27 15:13:00,1.0700,1.0600,1.0650,1.0700,46464514,20652
2020-04-27 15:14:00,1.0700,1.0600,1.0650,1.0700,46499404,33876
2020-04-27 15:15:00,1.0700,1.0600,1.0700,1.0601,46509568,9369
2020-04-27 15:16:00,1.0700,1.0600,1.0650,1.0600,46541231,28902
2020-04-27 15:17:00,1.0700,1.0600,1.0650,1.0642,46580702,37887
2020-04-27 15:18:00,1.0700,1.0600,1.0650,1.0629,46615700,34225
2020-04-27 15:19:00,1.0700,1.0600,1.0650,1.0700,46662119,45268
2020-04-27 15:20:00,1.0700,1.0600,1.0650,1.0650,46690560,26015
2020-04-27 15:21:00,1.0700,1.0600,1.0600,1.0700,46722844,24086
2020-04-27 15:22:00,1.0700,1.0600,1.0616,1.0700,46741290,17292
2020-04-27 15:23:00,1.0800,1.0600,1.0700,1.0800,46843574,100996
2020-04-27 15:24:00,1.0800,1.0700,1.0800,1.0701,46928214,75598
2020-04-27 15:25:00,1.0800,1.0700,1.0800,1.0800,46968414,36138
2020-04-27 15:26:00,1.0800,1.0700,1.0800,1.0750,47006897,35732
2020-04-27 15:27:00,1.0800,1.0700,1.0800,1.0800,47093372,84854
2020-04-27 15:28:00,1.0800,1.0600,1.0750,1.0650,47146164,51546
2020-04-27 15:29:00,1.0700,1.0600,1.0600,1.0650,47159317,12517
2020-04-27 15:30:00,1.0700,1.0500,1.0616,1.0500,47218921,58975
2020-04-27 15:31:00,1.0600,1.0500,1.0599,1.0600,47274618,54400
2020-04-27 15:32:00,1.0520,1.0400,1.0520,1.0416,47355885,76533
2020-04-27 15:33:00,1.0500,1.0400,1.0401,1.0400,47390200,33306
2020-04-27 15:34:00,1.0500,1.0400,1.0500,1.0458,47405142,13969
2020-04-27 15:35:00,1.0500,1.0400,1.0500,1.0401,47433959,28209
2020-04-27 15:36:00,1.0500,1.0100,1.0450,1.0100,47679296,243857
2020-04-27 15:37:00,1.0199,0.9831,1.0100,0.9831,47972224,289080
2020-04-27 15:38:00,0.9900,0.9530,0.9831,0.9900,48277660,302958
2020-04-27 15:39:00,1.0016,0.9830,0.9865,1.0002,48446816,167150
2020-04-27 15:40:00,1.0100,0.9800,1.0100,0.9893,48574943,126794
2020-04-27 15:41:00,0.9984,0.9700,0.9892,0.9860,48654290,78227
2020-04-27 15:42:00,0.9900,0.9801,0.9802,0.9851,48695663,40361
2020-04-27 15:43:00,0.9900,0.9801,0.9851,0.9898,48731459,34408
2020-04-27 15:44:00,0.9986,0.9874,0.9899,0.9930,48805541,73244
2020-04-27 15:45:00,1.0100,0.9958,0.9986,1.0016,48890424,83853
2020-04-27 15:46:00,1.0100,1.0000,1.0100,1.0066,48933889,42991
2020-04-27 15:47:00,1.0100,1.0000,1.0096,1.0100,48978596,43570
2020-04-27 15:48:00,1.0200,1.0000,1.0000,1.0200,49026780,47382
2020-04-27 15:49:00,1.0300,1.0100,1.0200,1.0250,49103848,76288
2020-04-27 15:50:00,1.0300,1.0200,1.0265,1.0299,49137111,32263
2020-04-27 15:51:00,1.0400,1.0201,1.0300,1.0400,49199485,61209
2020-04-27 15:52:00,1.0400,1.0300,1.0330,1.0400,49251550,51000
2020-04-27 15:53:00,1.0500,1.0350,1.0400,1.0450,49342553,89629
2020-04-27 15:54:00,1.0500,1.0100,1.0500,1.0120,49475969,131718
2020-04-27 15:55:00,1.0200,1.0100,1.0101,1.0119,49543338,66174
2020-04-27 15:56:00,1.0200,1.0100,1.0200,1.0171,49576121,31773
2020-04-27 15:57:00,1.0200,1.0100,1.0137,1.0200,49629299,52076
2020-04-27 15:58:00,1.0200,1.0100,1.0101,1.0100,49669527,39164
2020-04-27 15:59:00,1.0200,1.0000,1.0100,1.0058,49763483,92042
2020-04-27 16:00:00,1.0100,1.0000,1.0100,1.0000,50037696,270595
2020-04-28 09:31:00,1.0300,1.0000,1.0300,1.0199,1092956,584896
2020-04-28 09:32:00,1.0200,1.0000,1.0138,1.0000,1248951,146878
2020-04-28 09:33:00,1.0069,0.9715,1.0000,0.9715,1430620,169203
2020-04-28 09:34:00,0.9800,0.9602,0.9715,0.9735,1772658,337851
2020-04-28 09:35:00,0.9799,0.9617,0.9701,0.9700,2000610,224765
2020-04-28 09:36:00,0.9940,0.9648,0.9651,0.9939,2097346,93974
2020-04-28 09:37:00,1.0500,0.9900,0.9900,1.0500,2392318,290355
2020-04-28 09:38:00,1.0700,1.0400,1.0457,1.0600,2639411,241398
2020-04-28 09:39:00,1.0900,1.0600,1.0700,1.0850,2948519,304679
2020-04-28 09:40:00,1.1500,1.0800,1.0850,1.1451,3501960,546253
2020-04-28 09:41:00,1.1600,1.1300,1.1404,1.1399,4035540,524947
2020-04-28 09:42:00,1.1384,1.0900,1.1300,1.1150,4354959,312447
2020-04-28 09:43:00,1.1200,1.1000,1.1180,1.1116,4595290,236625
2020-04-28 09:44:00,1.1400,1.1101,1.1101,1.1400,4877394,278367
2020-04-28 09:45:00,1.1600,1.1304,1.1385,1.1588,5352749,467200
2020-04-28 09:46:00,1.1800,1.1500,1.1516,1.1799,5713432,352994
2020-04-28 09:47:00,1.2000,1.1700,1.1750,1.1950,6439585,716396
2020-04-28 09:48:00,1.2700,1.1900,1.1950,1.2645,7241510,790738
2020-04-28 09:49:00,1.2900,1.2500,1.2601,1.2500,8087292,833448
2020-04-28 09:50:00,1.2600,1.1600,1.2500,1.1700,8886895,788723
2020-04-28 09:51:00,1.2300,1.1700,1.1800,1.2150,9410099,515965
2020-04-28 09:52:00,1.2900,1.2100,1.2139,1.2710,10143650,725962
2020-04-28 09:53:00,1.2800,1.2300,1.2700,1.2476,10525654,374065
2020-04-28 09:54:00,1.2700,1.2400,1.2479,1.2699,10902076,369746
2020-04-28 09:55:00,1.2700,1.2500,1.2650,1.2500,11242969,334927
2020-04-28 09:56:00,1.2600,1.2300,1.2500,1.2300,11590833,342063
2020-04-28 09:57:00,1.2400,1.1800,1.2351,1.1850,12164368,567230
2020-04-28 09:58:00,1.2100,1.1800,1.1900,1.1916,12491565,320206
2020-04-28 09:59:00,1.2100,1.1900,1.1913,1.2100,12813574,317393
2020-04-28 10:00:00,1.2500,1.2000,1.2000,1.2401,13136697,317259
2020-04-28 10:01:00,1.2500,1.2200,1.2400,1.2224,13425835,281802
2020-04-28 10:02:00,1.2300,1.2000,1.2250,1.2100,13603657,173820
2020-04-28 10:03:00,1.2100,1.1800,1.2099,1.1899,13906738,298134
2020-04-28 10:04:00,1.1900,1.1800,1.1816,1.1850,14147333,236751
2020-04-28 10:05:00,1.1900,1.1800,1.1800,1.1850,14329517,177417
2020-04-28 10:06:00,1.2300,1.1800,1.1900,1.2300,14838033,504688
2020-04-28 10:07:00,1.2300,1.2200,1.2263,1.2284,15050902,209638
2020-04-28 10:08:00,1.2400,1.2200,1.2242,1.2301,15217569,163188
2020-04-28 10:09:00,1.2400,1.2101,1.2350,1.2101,15434477,214145
2020-04-28 10:10:00,1.2200,1.2000,1.2101,1.2079,15569214,130699
2020-04-28 10:11:00,1.2200,1.2000,1.2100,1.2200,15668738,97005
2020-04-28 10:12:00,1.2300,1.2100,1.2150,1.2300,15778454,107304
2020-04-28 10:13:00,1.2400,1.2200,1.2209,1.2299,16037182,256390
2020-04-28 10:14:00,1.2300,1.2200,1.2266,1.2200,16163350,124359
2020-04-28 10:15:00,1.2300,1.2000,1.2293,1.2000,16276526,110470
2020-04-28 10:16:00,1.2100,1.2000,1.2050,1.2050,16518727,239662
2020-04-28 10:17:00,1.2100,1.2000,1.2050,1.2100,16574114,53389
2020-04-28 10:18:00,1.2100,1.2000,1.2032,1.2000,16677606,100289
2020-04-28 10:19:00,1.2100,1.2000,1.2052,1.2000,16870365,190153
2020-04-28 10:20:00,1.2100,1.1900,1.2000,1.1900,17064630,190556
2020-04-28 10:21:00,1.2000,1.1700,1.1950,1.1700,17237840,169487
2020-04-28 10:22:00,1.1800,1.1100,1.1700,1.1150,17987940,743486
2020-04-28 10:23:00,1.1600,1.1100,1.1191,1.1500,18311504,318959
2020-04-28 10:24:00,1.1700,1.1500,1.1600,1.1600,18556514,242096
2020-04-28 10:25:00,1.1600,1.1500,1.1600,1.1600,18793380,233825
2020-04-28 10:26:00,1.1700,1.1500,1.1616,1.1600,18904079,107415
2020-04-28 10:27:00,1.1700,1.1500,1.1599,1.1670,19047058,140421
2020-04-28 10:28:00,1.1700,1.1600,1.1699,1.1700,19174911,124976
2020-04-28 10:29:00,1.1700,1.1600,1.1700,1.1700,19241466,64768
2020-04-28 10:30:00,1.1700,1.1600,1.1673,1.1700,19309026,65499
2020-04-28 10:31:00,1.1700,1.1600,1.1600,1.1700,19386223,75258
2020-04-28 10:32:00,1.1700,1.1600,1.1699,1.1600,19449814,61519
2020-04-28 10:33:00,1.1700,1.1500,1.1700,1.1500,19558856,106911
2020-04-28 10:34:00,1.1600,1.1400,1.1500,1.1400,19701937,139840
2020-04-28 10:35:00,1.1500,1.1200,1.1400,1.1282,19906881,202232
2020-04-28 10:36:00,1.1300,1.1200,1.1280,1.1250,19977474,68628
2020-04-28 10:37:00,1.1400,1.1200,1.1201,1.1400,20168821,188175
2020-04-28 10:38:00,1.1400,1.1300,1.1300,1.1350,20299429,128968
2020-04-28 10:39:00,1.1400,1.1300,1.1399,1.1384,20375800,74873
2020-04-28 10:40:00,1.1400,1.1300,1.1400,1.1378,20459181,82209
2020-04-28 10:41:00,1.1400,1.1300,1.1381,1.1344,20492073,31535
2020-04-28 10:42:00,1.1400,1.1300,1.1371,1.1350,20592603,99270
2020-04-28 10:43:00,1.1400,1.1300,1.1310,1.1350,20769480,175117
2020-04-28 10:44:00,1.1400,1.1200,1.1350,1.1204,20872036,101047
2020-04-28 10:45:00,1.1299,1.0950,1.1299,1.1000,21168248,292443
2020-04-28 10:46:00,1.1000,1.0800,1.0900,1.0916,21488523,316297
2020-04-28 10:47:00,1.1200,1.0944,1.0971,1.1125,21707641,216505
2020-04-28 10:48:00,1.1200,1.1100,1.1124,1.1150,21760986,52199
2020-04-28 10:49:00,1.1200,1.1100,1.1178,1.1169,21804712,42251
2020-04-28 10:50:00,1.1200,1.1100,1.1100,1.1150,21849372,43483
2020-04-28 10:51:00,1.1200,1.1100,1.1150,1.1102,21871565,20902
2020-04-28 10:52:00,1.1200,1.1100,1.1100,1.1199,21888709,16186
2020-04-28 10:53:00,1.1200,1.1100,1.1100,1.1161,21920126,30029
2020-04-28 10:54:00,1.1200,1.1100,1.1199,1.1116,22023557,102505
2020-04-28 10:55:00,1.1200,1.1100,1.1109,1.1184,22070528,45716
2020-04-28 10:56:00,1.1200,1.1100,1.1100,1.1127,22167028,95248
2020-04-28 10:57:00,1.1200,1.1100,1.1184,1.1150,22262525,94346
2020-04-28 10:58:00,1.1200,1.1100,1.1200,1.1150,22348325,85451
2020-04-28 10:59:00,1.1200,1.1100,1.1200,1.1102,22380980,31391
2020-04-28 11:00:00,1.1200,1.1100,1.1100,1.1178,22393519,11647
2020-04-28 11:01:00,1.1200,1.1100,1.1100,1.1100,22433039,38240
2020-04-28 11:02:00,1.1200,1.1000,1.1200,1.1100,22503375,68912
2020-04-28 11:03:00,1.1100,1.0800,1.1073,1.0899,22652551,147487
2020-04-28 11:04:00,1.0900,1.0800,1.0850,1.0801,22715481,61314
2020-04-28 11:05:00,1.0900,1.0700,1.0800,1.0800,22917733,200769
2020-04-28 11:06:00,1.0900,1.0700,1.0700,1.0850,23152502,232125
2020-04-28 11:07:00,1.0900,1.0800,1.0850,1.0892,23233530,80124
2020-04-28 11:08:00,1.1000,1.0801,1.0827,1.0974,23312747,77698
2020-04-28 11:09:00,1.1100,1.0900,1.0916,1.1099,23463399,149103
2020-04-28 11:10:00,1.1300,1.1099,1.1099,1.1202,23568959,102944
2020-04-28 11:11:00,1.1300,1.1200,1.1298,1.1289,23662969,92601
2020-04-28 11:12:00,1.1600,1.1300,1.1300,1.1545,23837646,172294
2020-04-28 11:13:00,1.1600,1.1500,1.1584,1.1530,23941060,102327
2020-04-28 11:14:00,1.1600,1.1500,1.1550,1.1567,24024108,81806
2020-04-28 11:15:00,1.1600,1.1500,1.1501,1.1500,24087097,61651
2020-04-28 11:16:00,1.1562,1.1300,1.1501,1.1300,24213389,125267
2020-04-28 11:17:00,1.1300,1.1200,1.1300,1.1200,24343137,127982
2020-04-28 11:18:00,1.1201,1.1100,1.1200,1.1124,24416905,73220
2020-04-28 11:19:00,1.1200,1.1100,1.1150,1.1150,24473743,56157
2020-04-28 11:20:00,1.1200,1.1100,1.1150,1.1122,24500132,25565
2020-04-28 11:21:00,1.1200,1.1100,1.1150,1.1200,24532839,31765
2020-04-28 11:22:00,1.1200,1.1100,1.1106,1.1184,24542145,8677
2020-04-28 11:23:00,1.1400,1.1100,1.1100,1.1400,24640714,97344
2020-04-28 11:24:00,1.1400,1.1100,1.1399,1.1378,24793658,152213
2020-04-28 11:25:00,1.1500,1.1306,1.1306,1.1445,24872209,77635
2020-04-28 11:26:00,1.1500,1.1300,1.1500,1.1402,24950649,77698
2020-04-28 11:27:00,1.1500,1.1400,1.1450,1.1453,25007660,55727
2020-04-28 11:28:00,1.1500,1.1400,1.1453,1.1500,25049423,40989
2020-04-28 11:29:00,1.1500,1.1400,1.1400,1.1400,25096908,46574
2020-04-28 11:30:00,1.1500,1.1400,1.1500,1.1401,25111538,13343
2020-04-28 11:31:00,1.1500,1.1400,1.1500,1.1500,25126594,13956
2020-04-28 11:32:00,1.1500,1.1400,1.1500,1.1450,25147467,20186
2020-04-28 11:33:00,1.1500,1.1400,1.1450,1.1402,25180561,32115
2020-04-28 11:34:00,1.1500,1.1400,1.1450,1.1500,25255799,74081
2020-04-28 11:35:00,1.1500,1.1400,1.1400,1.1400,25260050,3373
2020-04-28 11:36:00,1.1500,1.1400,1.1401,1.1400,25281864,20461
2020-04-28 11:37:00,1.1500,1.1400,1.1424,1.1450,25306314,23685
2020-04-28 11:38:00,1.1500,1.1400,1.1401,1.1401,25341643,34135
2020-04-28 11:39:00,1.1500,1.1400,1.1500,1.1500,25368356,25528
2020-04-28 11:40:00,1.1500,1.1400,1.1500,1.1500,25386963,17400
2020-04-28 11:41:00,1.1500,1.1400,1.1450,1.1451,25404746,17046
2020-04-28 11:42:00,1.1500,1.1400,1.1400,1.1450,25435881,30336
2020-04-28 11:43:00,1.1500,1.1400,1.1450,1.1450,25443269,5976
2020-04-28 11:44:00,1.1500,1.1400,1.1400,1.1500,25482426,37764
2020-04-28 11:45:00,1.1500,1.1400,1.1450,1.1400,25523939,40375
2020-04-28 11:46:00,1.1500,1.1400,1.1400,1.1451,25536523,11768
2020-04-28 11:47:00,1.1500,1.1400,1.1400,1.1500,25549240,11992
2020-04-28 11:48:00,1.1500,1.1400,1.1500,1.1400,25572326,22600
2020-04-28 11:49:00,1.1450,1.1350,1.1450,1.1350,25617179,43848
2020-04-28 11:50:00,1.1300,1.1200,1.1300,1.1250,25735388,117311
2020-04-28 11:51:00,1.1300,1.1200,1.1300,1.1299,25768972,32983
2020-04-28 11:52:00,1.1400,1.1201,1.1300,1.1400,25851927,82370
2020-04-28 11:53:00,1.1400,1.1300,1.1400,1.1400,25872892,20119
2020-04-28 11:54:00,1.1500,1.1330,1.1400,1.1500,25941969,68373
2020-04-28 11:55:00,1.1500,1.1401,1.1401,1.1500,25965932,23026
2020-04-28 11:56:00,1.1500,1.1401,1.1500,1.1458,25985462,18930
2020-04-28 11:57:00,1.1500,1.1400,1.1445,1.1416,26005090,18788
2020-04-28 11:58:00,1.1500,1.1400,1.1450,1.1416,26017036,11329
2020-04-28 11:59:00,1.1500,1.1400,1.1500,1.1450,26030565,12640
2020-04-28 12:00:00,1.1500,1.1400,1.1400,1.1400,26042976,11016
2020-04-28 12:01:00,1.1500,1.1300,1.1445,1.1309,26098416,54439
2020-04-28 12:02:00,1.1399,1.1301,1.1301,1.1399,26102394,3443
2020-04-28 12:03:00,1.1400,1.1300,1.1346,1.1301,26107945,3961
2020-04-28 12:04:00,1.1400,1.1300,1.1350,1.1300,26128283,19074
2020-04-28 12:05:00,1.1400,1.1300,1.1324,1.1300,26139492,10229
2020-04-28 12:06:00,1.1400,1.1300,1.1350,1.1400,26143504,3220
2020-04-28 12:07:00,1.1400,1.1300,1.1400,1.1300,26175057,30305
2020-04-28 12:08:00,1.1400,1.1300,1.1300,1.1350,26182572,6784
2020-04-28 12:09:00,1.1400,1.1300,1.1400,1.1300,26195082,11838
2020-04-28 12:10:00,1.1400,1.1300,1.1300,1.1400,26198870,2872
2020-04-28 12:11:00,1.1400,1.1300,1.1350,1.1350,26233045,33231
2020-04-28 12:12:00,1.1350,1.1300,1.1300,1.1350,26238822,4863
2020-04-28 12:13:00,1.1400,1.1300,1.1301,1.1301,26253173,13071
2020-04-28 12:14:00,1.1400,1.1300,1.1319,1.1350,26318882,63498
2020-04-28 12:15:00,1.1350,1.0900,1.1350,1.0999,26455020,134822
2020-04-28 12:16:00,1.1200,1.1000,1.1000,1.1135,26508202,52362
2020-04-28 12:17:00,1.1200,1.1100,1.1199,1.1100,26536783,27771
2020-04-28 12:18:00,1.1150,1.1000,1.1150,1.1079,26604279,66602
2020-04-28 12:19:00,1.1100,1.1000,1.1050,1.1001,26645760,40601
2020-04-28 12:20:00,1.1216,1.1048,1.1100,1.1216,26758121,111160
2020-04-28 12:21:00,1.1284,1.1100,1.1278,1.1200,26794168,35647
2020-04-28 12:22:00,1.1199,1.1110,1.1113,1.1199,26810544,15752
2020-04-28 12:23:00,1.1200,1.1100,1.1150,1.1102,26820050,8953
2020-04-28 12:24:00,1.1200,1.1102,1.1123,1.1200,26823312,2631
2020-04-28 12:25:00,1.1200,1.1100,1.1200,1.1200,26833597,9482
2020-04-28 12:26:00,1.1200,1.1100,1.1150,1.1102,26882391,47838
2020-04-28 12:27:00,1.1200,1.1100,1.1200,1.1101,26895701,12964
2020-04-28 12:28:00,1.1200,1.1100,1.1101,1.1100,26925455,28921
2020-04-28 12:29:00,1.1200,1.1100,1.1199,1.1200,26952251,25568
2020-04-28 12:30:00,1.1200,1.1100,1.1150,1.1106,26959659,6642
2020-04-28 12:31:00,1.1200,1.1100,1.1102,1.1106,26981958,21593
2020-04-28 12:32:00,1.1200,1.1100,1.1200,1.1101,27029204,46527
2020-04-28 12:33:00,1.1200,1.1100,1.1184,1.1200,27052521,22877
2020-04-28 12:34:00,1.1300,1.1116,1.1200,1.1300,27126175,72738
2020-04-28 12:35:00,1.1300,1.1200,1.1284,1.1201,27150834,24175
2020-04-28 12:36:00,1.1300,1.1200,1.1250,1.1250,27158072,6765
2020-04-28 12:37:00,1.1300,1.1100,1.1300,1.1184,27282782,123882
2020-04-28 12:38:00,1.1200,1.1100,1.1150,1.1150,27295893,12672
2020-04-28 12:39:00,1.1300,1.1102,1.1150,1.1300,27512470,215598
2020-04-28 12:40:00,1.1400,1.1250,1.1300,1.1268,27586220,72742
2020-04-28 12:41:00,1.1299,1.1225,1.1250,1.1284,27587571,1093
2020-04-28 12:42:00,1.1280,1.1200,1.1270,1.1250,27621185,33125
2020-04-28 12:43:00,1.1284,1.1200,1.1250,1.1200,27624743,3331
2020-04-28 12:44:00,1.1284,1.1216,1.1284,1.1216,27628952,3733
2020-04-28 12:45:00,1.1400,1.1259,1.1277,1.1301,27649796,20042
2020-04-28 12:46:00,1.1400,1.1243,1.1350,1.1294,27694548,43887
2020-04-28 12:47:00,1.1300,1.1200,1.1300,1.1200,27697735,2752
2020-04-28 12:48:00,1.1300,1.1200,1.1250,1.1300,27721753,23579
2020-04-28 12:49:00,1.1300,1.1200,1.1300,1.1295,27742175,19919
2020-04-28 12:50:00,1.1400,1.1281,1.1281,1.1400,27761906,19201
2020-04-28 12:51:00,1.1400,1.1300,1.1384,1.1301,27780293,17264
2020-04-28 12:52:00,1.1400,1.1301,1.1400,1.1301,27787529,6705
2020-04-28 12:53:00,1.1400,1.1300,1.1300,1.1400,27793983,5903
2020-04-28 12:54:00,1.1400,1.1300,1.1350,1.1350,27808365,13684
2020-04-28 12:55:00,1.1400,1.1301,1.1336,1.1400,27833858,24355
2020-04-28 12:56:00,1.1400,1.1301,1.1310,1.1350,27852721,18283
2020-04-28 12:57:00,1.1400,1.1312,1.1350,1.1350,27860084,6516
2020-04-28 12:58:00,1.1500,1.1300,1.1350,1.1500,28039165,177596
2020-04-28 12:59:00,1.1500,1.1400,1.1500,1.1500,28075168,34812
2020-04-28 13:00:00,1.1500,1.1400,1.1500,1.1500,28097595,21020
2020-04-28 13:01:00,1.1600,1.1400,1.1484,1.1600,28269173,169957
2020-04-28 13:02:00,1.1700,1.1500,1.1600,1.1600,28442218,171945
2020-04-28 13:03:00,1.1900,1.1600,1.1600,1.1900,28706653,262802
2020-04-28 13:04:00,1.1900,1.1700,1.1810,1.1804,28847757,138380
2020-04-28 13:05:00,1.2000,1.1800,1.1851,1.1950,29085526,236599
2020-04-28 13:06:00,1.2000,1.1900,1.1950,1.1984,29122533,36258
2020-04-28 13:07:00,1.2000,1.1500,1.1950,1.1600,29522760,398374
2020-04-28 13:08:00,1.1700,1.1600,1.1601,1.1684,29559681,36246
2020-04-28 13:09:00,1.1700,1.1500,1.1600,1.1601,29609007,48491
2020-04-28 13:10:00,1.1700,1.1600,1.1700,1.1635,29640097,30579
2020-04-28 13:11:00,1.1700,1.1600,1.1600,1.1601,29659903,18932
2020-04-28 13:12:00,1.1800,1.1601,1.1658,1.1800,29719929,59257
2020-04-28 13:13:00,1.1900,1.1744,1.1744,1.1850,29767574,46976
2020-04-28 13:14:00,1.1900,1.1800,1.1800,1.1839,29815834,47424
2020-04-28 13:15:00,1.1900,1.1800,1.1839,1.1800,29852746,35596
2020-04-28 13:16:00,1.1900,1.1800,1.1884,1.1834,29874731,20699
2020-04-28 13:17:00,1.2000,1.1816,1.1850,1.1901,29971006,94407
2020-04-28 13:18:00,1.1999,1.1800,1.1999,1.1816,30020499,48823
2020-04-28 13:19:00,1.1900,1.1800,1.1808,1.1800,30054573,33579
2020-04-28 13:20:00,1.1900,1.1800,1.1800,1.1800,30160912,70391
2020-04-28 13:21:00,1.1900,1.1800,1.1850,1.1900,30197259,35243
2020-04-28 13:22:00,1.1900,1.1700,1.1881,1.1750,30287143,88857
2020-04-28 13:23:00,1.1800,1.1700,1.1701,1.1800,30320826,33015
2020-04-28 13:24:00,1.1800,1.1700,1.1800,1.1733,30354327,32880
2020-04-28 13:25:00,1.1800,1.1700,1.1800,1.1799,30395314,39815
2020-04-28 13:26:00,1.1800,1.1600,1.1800,1.1706,30447687,50925
2020-04-28 13:27:00,1.1800,1.1602,1.1800,1.1650,30470245,22095
2020-04-28 13:28:00,1.1699,1.1600,1.1684,1.1655,30475374,4221
2020-04-28 13:29:00,1.1700,1.1500,1.1699,1.1584,30594631,118036
2020-04-28 13:30:00,1.1600,1.1300,1.1599,1.1353,30715183,119518
2020-04-28 13:31:00,1.1500,1.1300,1.1380,1.1499,30762019,45375
2020-04-28 13:32:00,1.1500,1.1302,1.1450,1.1431,30785458,22394
2020-04-28 13:33:00,1.1500,1.1400,1.1485,1.1484,30806637,20787
2020-04-28 13:34:00,1.1500,1.1400,1.1473,1.1499,30833604,25938
2020-04-28 13:35:00,1.1500,1.1400,1.1500,1.1450,30876413,41995
2020-04-28 13:36:00,1.1500,1.1400,1.1450,1.1450,30893444,16316
2020-04-28 13:37:00,1.1500,1.1402,1.1402,1.1480,30901651,7601
2020-04-28 13:38:00,1.1500,1.1400,1.1491,1.1500,30925730,23207
2020-04-28 13:39:00,1.1500,1.1400,1.1484,1.1500,30957277,31203
2020-04-28 13:40:00,1.1499,1.1300,1.1418,1.1350,30992893,34897
2020-04-28 13:41:00,1.1400,1.1300,1.1400,1.1387,31022311,28805
2020-04-28 13:42:00,1.1400,1.1300,1.1346,1.1376,31037539,14591
2020-04-28 13:43:00,1.1471,1.1300,1.1350,1.1450,31055654,16975
2020-04-28 13:44:00,1.1500,1.1400,1.1450,1.1431,31079679,23326
2020-04-28 13:45:00,1.1500,1.1400,1.1470,1.1498,31105198,24942
2020-04-28 13:46:00,1.1500,1.1424,1.1499,1.1484,31111376,5427
2020-04-28 13:47:00,1.1500,1.1400,1.1402,1.1499,31119927,7613
2020-04-28 13:48:00,1.1500,1.1450,1.1450,1.1500,31144531,23777
2020-04-28 13:49:00,1.1500,1.1425,1.1500,1.1500,31154493,8502
2020-04-28 13:50:00,1.1500,1.1400,1.1500,1.1422,31170219,14877
2020-04-28 13:51:00,1.1500,1.1401,1.1430,1.1484,31180857,9567
2020-04-28 13:52:00,1.1700,1.1409,1.1453,1.1699,31400623,218563
2020-04-28 13:53:00,1.1700,1.1600,1.1700,1.1600,31423631,22259
2020-04-28 13:54:00,1.1700,1.1555,1.1600,1.1697,31454740,30512
2020-04-28 13:55:00,1.1700,1.1600,1.1684,1.1700,31477664,22059
2020-04-28 13:56:00,1.1700,1.1600,1.1700,1.1700,31494675,15815
2020-04-28 13:57:00,1.1700,1.1600,1.1600,1.1700,31516969,21435
2020-04-28 13:58:00,1.1700,1.1600,1.1700,1.1622,31537255,19458
2020-04-28 13:59:00,1.1700,1.1500,1.1700,1.1600,31592739,54760
2020-04-28 14:00:00,1.1600,1.1500,1.1600,1.1600,31676789,83405
2020-04-28 14:01:00,1.1600,1.1501,1.1600,1.1600,31681437,3793
2020-04-28 14:02:00,1.1600,1.1500,1.1600,1.1539,31692550,10733
2020-04-28 14:03:00,1.1568,1.1500,1.1550,1.1550,31696740,3640
2020-04-28 14:04:00,1.1600,1.1500,1.1550,1.1600,31708351,11105
2020-04-28 14:05:00,1.1600,1.1536,1.1600,1.1562,31763752,54506
2020-04-28 14:06:00,1.1800,1.1568,1.1569,1.1800,31889841,125078
2020-04-28 14:07:00,1.1800,1.1700,1.1800,1.1750,31991879,101122
2020-04-28 14:08:00,1.1800,1.1700,1.1701,1.1750,32015350,22437
2020-04-28 14:09:00,1.1800,1.1701,1.1750,1.1750,32058527,42194
2020-04-28 14:10:00,1.1800,1.1700,1.1727,1.1728,32137275,77650
2020-04-28 14:11:00,1.1800,1.1516,1.1728,1.1748,32275481,137620
2020-04-28 14:12:00,1.1800,1.1600,1.1700,1.1600,32292218,15852
2020-04-28 14:13:00,1.1800,1.1601,1.1700,1.1800,32320896,27822
2020-04-28 14:14:00,1.1800,1.1700,1.1729,1.1701,32353131,31191
2020-04-28 14:15:00,1.1751,1.1601,1.1750,1.1616,32376202,22172
2020-04-28 14:16:00,1.1700,1.1600,1.1662,1.1650,32395311,18659
2020-04-28 14:17:00,1.1700,1.1400,1.1616,1.1494,32532735,136259
2020-04-28 14:18:00,1.1500,1.1400,1.1450,1.1500,32586910,52862
2020-04-28 14:19:00,1.1500,1.1400,1.1484,1.1450,32598397,10892
2020-04-28 14:20:00,1.1600,1.1416,1.1416,1.1537,32646055,46862
2020-04-28 14:21:00,1.1600,1.1500,1.1600,1.1500,32677330,30837
2020-04-28 14:22:00,1.1600,1.1500,1.1500,1.1600,32686936,8857
2020-04-28 14:23:00,1.1600,1.1502,1.1584,1.1590,32697006,9320
2020-04-28 14:24:00,1.1600,1.1500,1.1500,1.1500,32705090,7320
2020-04-28 14:25:00,1.1595,1.1500,1.1595,1.1502,32718870,13021
2020-04-28 14:26:00,1.1600,1.1500,1.1500,1.1600,32742432,23060
2020-04-28 14:27:00,1.1600,1.1500,1.1575,1.1600,32759045,15528
2020-04-28 14:28:00,1.1700,1.1567,1.1600,1.1700,32813603,53447
2020-04-28 14:29:00,1.1700,1.1600,1.1613,1.1623,32837596,22818
2020-04-28 14:30:00,1.1700,1.1600,1.1659,1.1625,32859113,20313
2020-04-28 14:31:00,1.1700,1.1600,1.1700,1.1650,32893842,33824
2020-04-28 14:32:00,1.1800,1.1691,1.1699,1.1714,32935853,41213
2020-04-28 14:33:00,1.1800,1.1700,1.1714,1.1750,32960734,24342
2020-04-28 14:34:00,1.1800,1.1700,1.1752,1.1800,33007924,45230
2020-04-28 14:35:00,1.1800,1.1701,1.1800,1.1750,33081279,72673
2020-04-28 14:36:00,1.1800,1.1700,1.1800,1.1701,33096366,14615
2020-04-28 14:37:00,1.1800,1.1700,1.1700,1.1750,33113824,16649
2020-04-28 14:38:00,1.1800,1.1600,1.1751,1.1600,33258455,143729
2020-04-28 14:39:00,1.1700,1.1600,1.1684,1.1700,33267301,8375
2020-04-28 14:40:00,1.1699,1.1500,1.1699,1.1516,33310008,42050
2020-04-28 14:41:00,1.1600,1.1500,1.1550,1.1550,33354180,43373
2020-04-28 14:42:00,1.1600,1.1500,1.1550,1.1600,33368138,13367
2020-04-28 14:43:00,1.1700,1.1516,1.1600,1.1601,33427612,58300
2020-04-28 14:44:00,1.1700,1.1600,1.1620,1.1650,33440242,11949
2020-04-28 14:45:00,1.1700,1.1600,1.1700,1.1600,33458574,17670
2020-04-28 14:46:00,1.1601,1.1500,1.1600,1.1600,33526530,67098
2020-04-28 14:47:00,1.1600,1.1500,1.1550,1.1550,33568334,41165
2020-04-28 14:48:00,1.1600,1.1500,1.1501,1.1500,33608327,38819
2020-04-28 14:49:00,1.1600,1.1500,1.1500,1.1501,33639635,30818
2020-04-28 14:50:00,1.1600,1.1500,1.1599,1.1500,33678422,37821
2020-04-28 14:51:00,1.1600,1.1501,1.1600,1.1550,33690995,11888
2020-04-28 14:52:00,1.1600,1.1500,1.1501,1.1600,33711350,18960
2020-04-28 14:53:00,1.1600,1.1500,1.1500,1.1600,33722457,10748
2020-04-28 14:54:00,1.1600,1.1500,1.1550,1.1550,33779748,56585
2020-04-28 14:55:00,1.1600,1.1500,1.1550,1.1531,33795174,14617
2020-04-28 14:56:00,1.1600,1.1500,1.1600,1.1600,33805300,9399
2020-04-28 14:57:00,1.1600,1.1500,1.1555,1.1600,33832175,26286
2020-04-28 14:58:00,1.1600,1.1400,1.1600,1.1470,33944704,110892
2020-04-28 14:59:00,1.1500,1.1400,1.1400,1.1400,33995476,49672
2020-04-28 15:00:00,1.1500,1.1400,1.1400,1.1450,34036653,40309
2020-04-28 15:01:00,1.1500,1.1400,1.1450,1.1500,34075093,37611
2020-04-28 15:02:00,1.1500,1.1401,1.1500,1.1401,34115548,39775
2020-04-28 15:03:00,1.1500,1.1400,1.1450,1.1450,34120593,4011
2020-04-28 15:04:00,1.1451,1.1400,1.1401,1.1400,34138992,17704
2020-04-28 15:05:00,1.1500,1.1400,1.1450,1.1401,34199942,60592
2020-04-28 15:06:00,1.1500,1.1400,1.1497,1.1450,34237294,37045
2020-04-28 15:07:00,1.1500,1.1401,1.1500,1.1500,34278739,40469
2020-04-28 15:08:00,1.1600,1.1414,1.1500,1.1584,34371757,92056
2020-04-28 15:09:00,1.1650,1.1500,1.1500,1.1614,34400713,27751
2020-04-28 15:10:00,1.1700,1.1600,1.1700,1.1614,34423915,22600
2020-04-28 15:11:00,1.1700,1.1600,1.1600,1.1666,34448482,24118
2020-04-28 15:12:00,1.1664,1.1600,1.1614,1.1650,34458232,9274
2020-04-28 15:13:00,1.1700,1.1600,1.1640,1.1699,34479404,20422
2020-04-28 15:14:00,1.1700,1.1600,1.1654,1.1616,34487136,7229
2020-04-28 15:15:00,1.1700,1.1600,1.1600,1.1650,34497328,9258
2020-04-28 15:16:00,1.1700,1.1500,1.1650,1.1526,34530155,31903
2020-04-28 15:17:00,1.1599,1.1500,1.1550,1.1500,34543879,12980
2020-04-28 15:18:00,1.1600,1.1500,1.1516,1.1516,34554291,9616
2020-04-28 15:19:00,1.1600,1.1500,1.1550,1.1550,34568689,13364
2020-04-28 15:20:00,1.1600,1.1500,1.1516,1.1550,34594723,25830
2020-04-28 15:21:00,1.1600,1.1500,1.1550,1.1599,34606610,10726
2020-04-28 15:22:00,1.1600,1.1500,1.1500,1.1550,34643612,36260
2020-04-28 15:23:00,1.1600,1.1500,1.1550,1.1600,34649159,4752
2020-04-28 15:24:00,1.1600,1.1500,1.1550,1.1600,34664634,13829
2020-04-28 15:25:00,1.1600,1.1500,1.1599,1.1600,34677230,11964
2020-04-28 15:26:00,1.1600,1.1500,1.1550,1.1600,34700345,22347
2020-04-28 15:27:00,1.1600,1.1500,1.1600,1.1600,34708518,7431
2020-04-28 15:28:00,1.1600,1.1500,1.1500,1.1500,34720490,10901
2020-04-28 15:29:00,1.1600,1.1500,1.1550,1.1500,34737506,15374
2020-04-28 15:30:00,1.1600,1.1500,1.1600,1.1550,34766250,28009
2020-04-28 15:31:00,1.1600,1.1500,1.1500,1.1550,34786675,18879
2020-04-28 15:32:00,1.1600,1.1500,1.1600,1.1600,34806384,18661
2020-04-28 15:33:00,1.1600,1.1500,1.1550,1.1550,34832538,25113
2020-04-28 15:34:00,1.1600,1.1500,1.1550,1.1600,34871843,38305
2020-04-28 15:35:00,1.1600,1.1500,1.1600,1.1500,34954563,81658
2020-04-28 15:36:00,1.1600,1.1500,1.1550,1.1600,34985157,29699
2020-04-28 15:37:00,1.1600,1.1500,1.1550,1.1600,35016521,30738
2020-04-28 15:38:00,1.1600,1.1500,1.1550,1.1550,35050738,33050
2020-04-28 15:39:00,1.1600,1.1400,1.1501,1.1400,35100764,49079
2020-04-28 15:40:00,1.1500,1.1400,1.1400,1.1497,35129694,27944
2020-04-28 15:41:00,1.1500,1.1400,1.1400,1.1450,35135903,5567
2020-04-28 15:42:00,1.1600,1.1401,1.1500,1.1500,35192091,54997
2020-04-28 15:43:00,1.1600,1.1500,1.1550,1.1600,35222850,30111
2020-04-28 15:44:00,1.1600,1.1500,1.1516,1.1600,35257560,34198
2020-04-28 15:45:00,1.1600,1.1500,1.1501,1.1600,35314188,55317
2020-04-28 15:46:00,1.1600,1.1500,1.1600,1.1550,35358602,43224
2020-04-28 15:47:00,1.1600,1.1500,1.1501,1.1550,35403866,43808
2020-04-28 15:48:00,1.1600,1.1500,1.1550,1.1550,35452479,47921
2020-04-28 15:49:00,1.1600,1.1500,1.1516,1.1600,35511101,57434
2020-04-28 15:50:00,1.1600,1.1500,1.1600,1.1600,35635867,123593
2020-04-28 15:51:00,1.1600,1.1500,1.1534,1.1550,35685897,48821
2020-04-28 15:52:00,1.1600,1.1500,1.1538,1.1600,35701565,14451
2020-04-28 15:53:00,1.1600,1.1500,1.1600,1.1600,35768889,66597
2020-04-28 15:54:00,1.1600,1.1500,1.1501,1.1600,35792839,22820
2020-04-28 15:55:00,1.1600,1.1500,1.1600,1.1550,35873210,79719
2020-04-28 15:56:00,1.1600,1.1500,1.1600,1.1600,35961089,87097
2020-04-28 15:57:00,1.1600,1.1500,1.1550,1.1550,36005576,43458
2020-04-28 15:58:00,1.1600,1.1500,1.1550,1.1600,36098584,84959
2020-04-28 15:59:00,1.1600,1.1500,1.1600,1.1600,36269683,166755
2020-04-28 16:00:00,1.1600,1.1500,1.1600,1.1600,36479543,206313